bus,Pg,Qg,Qmax,Qmin,Vg,mBase,status,Pmax,Pmin,Pc1,PC2,Qc1min,Qc1max,Qc2min,Qc2max,ramp_agc,ramp_10,ramp_30,rampq,apf,type,fuel,lat,long
1179,643.52,1.54,379.71,-250.07,1.0385,895.2,1,746,87.52,0,0,0,0,0,0,0,0,0,0,746,ST,ng,29.7501,-94.9256
1180,630.21,1.54,381.24,-231.35,1.0373,898.8,1,749,303.73,0,0,0,0,0,0,0,0,0,0,749,ST,ng,29.7501,-94.9256
1182,46.58,21.81,27.49,-15.8,1.04,64.8,1,54,15.73,0,0,0,0,0,0,0,0,0,0,54,GT,ng,29.8222,-95.2194
1183,23.42,27.49,27.49,-18.36,1.04,64.8,1,54,6.3,0,0,0,0,0,0,0,0,0,0,54,GT,ng,29.8222,-95.2194
1184,46.58,22.62,27.49,-16.92,1.04,64.8,1,54,23.18,0,0,0,0,0,0,0,0,0,0,54,GT,ng,29.8222,-95.2194
1185,43.13,21.28,25.45,-14.5,1.04,60,1,50,23.19,0,0,0,0,0,0,0,0,0,0,50,GT,ng,29.8222,-95.2194
1186,55.21,28.68,32.58,-17.09,1.04,76.8,1,64,21.89,0,0,0,0,0,0,0,0,0,0,64,GT,ng,29.8222,-95.2194
1187,43.4,17.2,27.49,-18.67,1.04,64.8,1,54,26.28,0,0,0,0,0,0,0,0,0,0,54,GT,ng,29.8222,-95.2194
1189,60.57,5.9,52.94,-32.25,1.04,124.8,1,104,27.6,0,0,0,0,0,0,0,0,0,0,104,CA,ng,29.9418,-95.5306
1190,81.41,8.33,52.94,-33.75,1.04,124.8,1,104,48.44,0,0,0,0,0,0,0,0,0,0,104,CA,ng,29.9418,-95.5306
1191,49.17,10.12,29.01,-16.93,1.04,68.4,1,57,20.52,0,0,0,0,0,0,0,0,0,0,57,CT,ng,29.9418,-95.5306
1192,32.72,6.75,29.01,-15.98,1.04,68.4,1,57,14.65,0,0,0,0,0,0,0,0,0,0,57,CT,ng,29.9418,-95.5306
1193,49.17,8.94,29.01,-16.85,1.04,68.4,1,57,28.41,0,0,0,0,0,0,0,0,0,0,57,CT,ng,29.9418,-95.5306
1194,49.17,5.73,29.01,-16.91,1.04,68.4,1,57,24.09,0,0,0,0,0,0,0,0,0,0,57,CT,ng,29.9418,-95.5306
1195,49.17,7.51,29.01,-15.26,1.04,68.4,1,57,14.15,0,0,0,0,0,0,0,0,0,0,57,CT,ng,29.9418,-95.5306
1196,49.17,5.05,29.01,-18.09,1.04,68.4,1,57,13.05,0,0,0,0,0,0,0,0,0,0,57,CT,ng,29.9418,-95.5306
1197,49.17,5.02,29.01,-17.45,1.04,68.4,1,57,13.03,0,0,0,0,0,0,0,0,0,0,57,CT,ng,29.9418,-95.5306
1198,43.14,4.83,29.01,-18.57,1.04,68.4,1,57,25.07,0,0,0,0,0,0,0,0,0,0,57,CT,ng,29.9418,-95.5306
1199,44.26,7.35,29.52,-15.64,1.04,69.6,1,58,25.87,0,0,0,0,0,0,0,0,0,0,58,GT,ng,29.9418,-95.5306
1200,50.03,4.64,29.52,-14.74,1.04,69.6,1,58,25.9,0,0,0,0,0,0,0,0,0,0,58,GT,ng,29.9418,-95.5306
1201,50.03,5.57,29.52,-16.54,1.04,69.6,1,58,10.82,0,0,0,0,0,0,0,0,0,0,58,GT,ng,29.9418,-95.5306
1202,50.03,8.9,29.52,-15.65,1.04,69.6,1,58,8.97,0,0,0,0,0,0,0,0,0,0,58,GT,ng,29.9418,-95.5306
1203,36.08,7.07,29.52,-16.45,1.04,69.6,1,58,17.69,0,0,0,0,0,0,0,0,0,0,58,GT,ng,29.9418,-95.5306
1204,45.14,7.16,29.52,-19.79,1.04,69.6,1,58,26.75,0,0,0,0,0,0,0,0,0,0,58,GT,ng,29.9418,-95.5306
1207,572.78,3.33,309.42,-167.63,1.0385,796.8,1,664,149.2,0,0,0,0,0,0,0,0,0,0,664,ST,coal,29.4829,-95.6311
1208,571.92,3.33,308.96,-223.78,1.0385,795.6,1,663,76.51,0,0,0,0,0,0,0,0,0,0,663,ST,coal,29.4829,-95.6311
1211,476.17,3.33,280.97,-182.79,1.038,662.4,1,552,165.98,0,0,0,0,0,0,0,0,0,0,552,ST,ng,29.4829,-95.6311
1212,235.5,3.33,138.96,-70.38,1.0403,327.6,1,273,34.5,0,0,0,0,0,0,0,0,0,0,273,ST,ng,29.4829,-95.6311
1213,145.78,0.45,86.02,-58.46,1.04,202.8,1,169,44.2,0,0,0,0,0,0,0,0,0,0,169,ST,ng,29.4829,-95.6311
1214,145.78,3.33,86.02,-49.07,1.0408,202.8,1,169,29.81,0,0,0,0,0,0,0,0,0,0,169,ST,ng,29.4829,-95.6311
1216,1104.16,65.3,471.04,-365.47,1.042,1536,1,1280,201.18,0,0,0,0,0,0,0,0,0,0,1280,ST,nuclear,28.795,-96.0481
1217,1104.16,65.3,471.04,-382.86,1.0413,1536,1,1280,178.29,0,0,0,0,0,0,0,0,0,0,1280,ST,nuclear,28.795,-96.0481
1219,60.57,13.1,41.23,-21.32,1.04,97.2,1,81,34.89,0,0,0,0,0,0,0,0,0,0,81,GT,ng,29.6949,-95.0406
1220,69.87,14.04,41.23,-21.95,1.04,97.2,1,81,13.8,0,0,0,0,0,0,0,0,0,0,81,GT,ng,29.6949,-95.0406
1230,64.7,20.26,38.17,-25.11,1.04,90,1,75,20.03,0,0,0,0,0,0,0,0,0,0,75,GT,ng,29.6226,-95.0458
1231,31.27,19.91,38.17,-25.04,1.04,90,1,75,7.5,0,0,0,0,0,0,0,0,0,0,75,GT,ng,29.6226,-95.0458
1232,64.7,13.21,38.17,-22.4,1.04,90,1,75,27.46,0,0,0,0,0,0,0,0,0,0,75,GT,ng,29.6226,-95.0458
1233,43.08,18.53,38.17,-20.5,1.04,90,1,75,19.31,0,0,0,0,0,0,0,0,0,0,75,GT,ng,29.6226,-95.0458
1236,30.86,19.3,21.63,-10.78,1.04,51,1,42.5,17.39,0,0,0,0,0,0,0,0,0,0,42.5,ST,ng,29.2559,-95.2103
1245,112.76,71.15,71.26,-39.11,1.04,168,1,140,68.38,0,0,0,0,0,0,0,0,0,0,140,GT,ng,29.7592,-95.0096
1246,77.64,43,45.81,-22.96,1.04,108,1,90,36.59,0,0,0,0,0,0,0,0,0,0,90,GT,ng,29.7592,-95.0096
1250,56.93,14.96,33.59,-22.39,1.04,79.2,1,66,12.15,0,0,0,0,0,0,0,0,0,0,66,CT,ng,29.7314,-95.0839
1251,41.15,15.36,33.59,-20.06,1.04,79.2,1,66,20.23,0,0,0,0,0,0,0,0,0,0,66,CT,ng,29.7314,-95.0839
1252,38.91,14.88,31.56,-19.86,1.04,74.4,1,62,19.26,0,0,0,0,0,0,0,0,0,0,62,CA,ng,29.7314,-95.0839
1253,59.52,13.18,35.12,-18.26,1.04,82.8,1,69,10.92,0,0,0,0,0,0,0,0,0,0,69,CT,ng,29.7314,-95.0839
1259,47.8,35.12,35.12,-22.98,1.04,82.8,1,69,25.93,0,0,0,0,0,0,0,0,0,0,69,GT,ng,29.2639,-95.8997
1265,20.67,10.4,16.83,-15.71,1.04,54,1,45,6.4,0,0,0,0,0,0,0,0,0,0,45,ST,wasteheat,29.7232,-95.1289
1265,25.37,10.4,14.24,-13.58,1.04,54,1,45,11.11,0,0,0,0,0,0,0,0,0,0,45,ST,wasteheat,29.7232,-95.1289
1266,64.7,32.49,38.17,-20.63,1.04,90,1,75,24.7,0,0,0,0,0,0,0,0,0,0,75,GT,ng,29.7232,-95.1289
1267,60.38,23.38,35.63,-18.38,1.04,84,1,70,34.86,0,0,0,0,0,0,0,0,0,0,70,GT,ng,29.7232,-95.1289
1269,96.97,55.14,61.13,-37.48,1.0565,144.12,1,120.1,58.9,0,0,0,0,0,0,0,0,0,0,120.1,CA,ng,29.8162,-95.1077
1270,52.29,9.85,35.12,-17.45,1.04,82.8,1,69,30.42,0,0,0,0,0,0,0,0,0,0,69,CT,ng,29.8162,-95.1077
1271,60.21,7.44,35.53,-23.45,1.04,83.76,1,69.8,32.31,0,0,0,0,0,0,0,0,0,0,69.8,CT,ng,29.8162,-95.1077
1272,33.42,25.35,35.53,-24.08,1.04,83.76,1,69.8,11.29,0,0,0,0,0,0,0,0,0,0,69.8,CT,ng,29.8162,-95.1077
1273,42.19,4.94,35.68,-18.43,1.04,84.12,1,70.1,19.97,0,0,0,0,0,0,0,0,0,0,70.1,CT,ng,29.8162,-95.1077
1274,60.38,14.82,35.63,-20.08,1.04,84,1,70,8.34,0,0,0,0,0,0,0,0,0,0,70,CT,ng,29.8162,-95.1077
1275,59,6.72,34.82,-17.9,1.04,82.08,1,68.4,21.65,0,0,0,0,0,0,0,0,0,0,68.4,CT,ng,29.8162,-95.1077
1279,86.32,7.44,70.75,-35.41,1.04,166.8,1,139,42.26,0,0,0,0,0,0,0,0,0,0,139,CA,ng,29.3787,-94.9438
1280,89.71,7.12,52.94,-26.52,1.04,124.8,1,104,37.35,0,0,0,0,0,0,0,0,0,0,104,CT,ng,29.3787,-94.9438
1281,89.71,7.08,52.94,-29.59,1.04,124.8,1,104,32.22,0,0,0,0,0,0,0,0,0,0,104,CT,ng,29.3787,-94.9438
1282,89.71,6,52.94,-28.22,1.04,124.8,1,104,13.48,0,0,0,0,0,0,0,0,0,0,104,CT,ng,29.3787,-94.9438
1285,53.44,8.86,48.66,-32.33,1.04,114.72,1,95.6,23.14,0,0,0,0,0,0,0,0,0,0,95.6,CT,ng,28.9914,-95.4075
1286,63.17,5.02,48.66,-24.43,1.04,114.72,1,95.6,32.87,0,0,0,0,0,0,0,0,0,0,95.6,CT,ng,28.9914,-95.4075
1287,82.12,4.49,48.46,-26.93,1.04,114.24,1,95.2,46.3,0,0,0,0,0,0,0,0,0,0,95.2,CA,ng,28.9914,-95.4075
1288,48.08,4.69,34.76,-19.32,1.04,81.96,1,68.3,26.43,0,0,0,0,0,0,0,0,0,0,68.3,CT,ng,28.9914,-95.4075
1289,55.01,4.18,34.76,-18.6,1.04,81.96,1,68.3,33.36,0,0,0,0,0,0,0,0,0,0,68.3,CT,ng,28.9914,-95.4075
1291,51.07,7.14,30.13,-19.35,1.04,71.04,1,59.2,24.7,0,0,0,0,0,0,0,0,0,0,59.2,GT,ng,28.9914,-95.4075
1294,59.52,18.58,35.12,-18.16,1.04,82.8,1,69,16.48,0,0,0,0,0,0,0,0,0,0,69,CT,ng,29.3782,-94.922
1295,59.52,7.52,35.12,-21.25,1.04,82.8,1,69,22.97,0,0,0,0,0,0,0,0,0,0,69,CT,ng,29.3782,-94.922
1300,79.64,9.41,81.44,-54.23,1.04,192,1,160,28.92,0,0,0,0,0,0,0,0,0,0,160,CA,ng,28.9802,-95.342
1301,62.97,6.35,37.16,-21.88,1.04,87.6,1,73,30.33,0,0,0,0,0,0,0,0,0,0,73,CT,ng,28.9802,-95.342
1302,43.91,7,37.16,-24.81,1.04,87.6,1,73,20.77,0,0,0,0,0,0,0,0,0,0,73,CT,ng,28.9802,-95.342
1303,62.97,5.67,37.16,-21.09,1.04,87.6,1,73,24.52,0,0,0,0,0,0,0,0,0,0,73,CT,ng,28.9802,-95.342
1305,60.88,0.99,55.48,-36.09,1.04,130.8,1,109,26.33,0,0,0,0,0,0,0,0,0,0,109,GT,ng,29.0728,-95.745
1306,94.03,55.48,55.48,-30.52,1.0569,130.8,1,109,27.46,0,0,0,0,0,0,0,0,0,0,109,GT,ng,29.0728,-95.745
1307,81.45,1.46,55.48,-34.66,1.04,130.8,1,109,46.9,0,0,0,0,0,0,0,0,0,0,109,GT,ng,29.0728,-95.745
1308,94.03,1.39,55.48,-37.92,1.04,130.8,1,109,47.78,0,0,0,0,0,0,0,0,0,0,109,GT,ng,29.0728,-95.745
1311,69.13,19.89,83.99,-47.1,1.04,198,1,165,16.83,0,0,0,0,0,0,0,0,0,0,165,CT,ng,29.7248,-95.1765
1312,142.33,-6.92,83.99,-51.29,1.0352,198,1,165,49.54,0,0,0,0,0,0,0,0,0,0,165,CT,ng,29.7248,-95.1765
1313,142.33,-6.92,83.99,-53.86,1.0338,198,1,165,71.73,0,0,0,0,0,0,0,0,0,0,165,CT,ng,29.7248,-95.1765
1314,142.33,-6.92,83.99,-47.67,1.036,198,1,165,58.52,0,0,0,0,0,0,0,0,0,0,165,CA,ng,29.7248,-95.1765
1315,51.76,7.14,30.54,-16.52,1.04,72,1,60,8.55,0,0,0,0,0,0,0,0,0,0,60,CA,ng,29.7248,-95.1765
1317,89.29,9.48,82.46,-48.35,1.04,194.4,1,162,37.94,0,0,0,0,0,0,0,0,0,0,162,CT,ng,29.837,-95.1217
1318,139.75,-31.65,82.46,-46.29,1.0282,194.4,1,162,69.97,0,0,0,0,0,0,0,0,0,0,162,CT,ng,29.837,-95.1217
1319,140.61,12.26,82.97,-54.72,1.04,195.6,1,163,59.93,0,0,0,0,0,0,0,0,0,0,163,CT,ng,29.837,-95.1217
1320,93.38,14.25,81.95,-42.94,1.04,193.2,1,161,42.35,0,0,0,0,0,0,0,0,0,0,161,CT,ng,29.837,-95.1217
1321,117.32,8.44,69.22,-34.05,1.04,163.2,1,136,63.29,0,0,0,0,0,0,0,0,0,0,136,CA,ng,29.837,-95.1217
1323,150.56,109.43,109.43,-65.43,1.0598,258,1,215,82.41,0,0,0,0,0,0,0,0,0,0,215,CA,ng,29.7189,-95.2319
1324,159.59,6.73,94.16,-54.86,1.04,222,1,185,90.78,0,0,0,0,0,0,0,0,0,0,185,CT,ng,29.7189,-95.2319
1325,159.59,5.88,94.16,-53.28,1.04,222,1,185,44.07,0,0,0,0,0,0,0,0,0,0,185,CT,ng,29.7189,-95.2319
1326,157.86,5.59,93.15,-46.34,1.04,219.6,1,183,66.98,0,0,0,0,0,0,0,0,0,0,183,CT,ng,29.7189,-95.2319
1329,64.7,21.75,38.17,-21.38,1.04,90,1,75,9.54,0,0,0,0,0,0,0,0,0,0,75,GT,ng,29.002,-95.394
1332,110.38,-0.43,139.97,-95.08,1.04,330,1,275,110.38,0,0,0,0,0,0,0,0,0,0,275,CA,ng,29.7732,-94.9019
1333,150.96,0.26,89.07,-45.43,1.04,210,1,175,74.33,0,0,0,0,0,0,0,0,0,0,175,CT,ng,29.7732,-94.9019
1335,121.52,0.46,89.07,-50.6,1.04,210,1,175,38.81,0,0,0,0,0,0,0,0,0,0,175,CT,ng,29.7732,-94.9019
1338,166.49,57.01,98.24,-62.61,1.0521,231.6,1,193,95.32,0,0,0,0,0,0,0,0,0,0,193,UN,ng,29.4731,-95.6244
1339,123.45,3.44,84.49,-50.27,1.04,199.2,1,166,37.65,0,0,0,0,0,0,0,0,0,0,166,UN,ng,29.4731,-95.6244
1340,143.2,57.01,84.49,-54.88,1.053,199.2,1,166,44.21,0,0,0,0,0,0,0,0,0,0,166,UN,ng,29.4731,-95.6244
1342,32.78,9.43,19.34,-11.83,1.04,45.6,1,38,10.31,0,0,0,0,0,0,0,0,0,0,38,GT,ng,29.7029,-95.0718
1343,32.78,6.17,19.34,-10.22,1.04,45.6,1,38,18.13,0,0,0,0,0,0,0,0,0,0,38,GT,ng,29.7029,-95.0718
1343,17.12,6.17,19.34,-10.69,1.04,45.6,1,38,5.07,0,0,0,0,0,0,0,0,0,0,38,GT,ng,29.7029,-95.0718
1344,32.78,19.34,19.34,-10.52,1.04,45.6,1,38,6.14,0,0,0,0,0,0,0,0,0,0,38,GT,ng,29.7029,-95.0718
1346,126.9,48.64,143.54,-92.95,1.0522,338.4,1,282,37.51,0,0,0,0,0,0,0,0,0,0,282,CA,ng,29.7134,-95.1345
1347,77.92,7.12,86.43,-52.35,1.04,203.76,1,169.8,24.1,0,0,0,0,0,0,0,0,0,0,169.8,CT,ng,29.7134,-95.1345
1348,74.45,10.24,86.43,-49.18,1.04,203.76,1,169.8,20.63,0,0,0,0,0,0,0,0,0,0,169.8,CT,ng,29.7134,-95.1345
1349,89.28,8.69,86.43,-44.44,1.04,203.76,1,169.8,35.46,0,0,0,0,0,0,0,0,0,0,169.8,CT,ng,29.7134,-95.1345
1350,146.47,12.87,86.43,-47.08,1.04,203.76,1,169.8,32.88,0,0,0,0,0,0,0,0,0,0,169.8,CT,ng,29.7134,-95.1345
1351,115.44,48.64,78.79,-53.15,1.0573,185.76,1,154.8,66.37,0,0,0,0,0,0,0,0,0,0,154.8,UN,ng,29.7134,-95.1345
1353,64.7,11,38.17,-20.54,1.04,90,1,75,9.55,0,0,0,0,0,0,0,0,0,0,75,CA,ng,29.3781,-94.9328
1354,89.14,7.81,80.42,-43.08,1.04,189.6,1,158,39.06,0,0,0,0,0,0,0,0,0,0,158,CT,ng,29.3781,-94.9328
1355,94.31,80.42,80.42,-51.16,1.0595,189.6,1,158,44.23,0,0,0,0,0,0,0,0,0,0,158,CT,ng,29.3781,-94.9328
1356,71.4,13.06,80.42,-45.23,1.04,189.6,1,158,21.32,0,0,0,0,0,0,0,0,0,0,158,CT,ng,29.3781,-94.9328
1357,56.63,8.17,38.17,-19.95,1.04,90,1,75,32.86,0,0,0,0,0,0,0,0,0,0,75,CA,ng,29.3781,-94.9328
1359,90.05,61.08,86.22,-56.22,1.0629,203.28,1,169.4,36.35,0,0,0,0,0,0,0,0,0,0,169.4,CT,ng,28.9888,-95.3954
1360,43.13,9.96,25.45,-16.43,1.04,60,1,50,22.87,0,0,0,0,0,0,0,0,0,0,50,CA,ng,28.9888,-95.3954
1363,84.54,-0.12,49.88,-32.77,1.04,117.6,1,98,44.23,0,0,0,0,0,0,0,0,0,0,98,CA,ng,29.2878,-96.0683
1364,84.54,-0.05,49.88,-24.97,1.04,117.6,1,98,33.19,0,0,0,0,0,0,0,0,0,0,98,CA,ng,29.2878,-96.0683
1365,62.11,-0.03,36.65,-24.55,1.04,86.4,1,72,8.33,0,0,0,0,0,0,0,0,0,0,72,CT,ng,29.2878,-96.0683
1366,62.11,-0.07,36.65,-22.87,1.04,86.4,1,72,25.74,0,0,0,0,0,0,0,0,0,0,72,CT,ng,29.2878,-96.0683
1367,62.11,-0.03,36.65,-18.19,1.04,86.4,1,72,13.5,0,0,0,0,0,0,0,0,0,0,72,CT,ng,29.2878,-96.0683
1368,32.95,-0.09,36.65,-20.12,1.04,86.4,1,72,10.13,0,0,0,0,0,0,0,0,0,0,72,CT,ng,29.2878,-96.0683
1371,148.37,85.65,87.55,-59.49,1.0577,206.4,1,172,74.41,0,0,0,0,0,0,0,0,0,0,172,CA,ng,29.7516,-94.9231
1372,142.33,-0.24,83.99,-46.18,1.04,198,1,165,22.41,0,0,0,0,0,0,0,0,0,0,165,CT,ng,29.7516,-94.9231
1373,119.1,-0.89,83.99,-56.58,1.04,198,1,165,66.8,0,0,0,0,0,0,0,0,0,0,165,CT,ng,29.7516,-94.9231
1377,41.41,24.43,24.43,-15.32,1.04,57.6,1,48,6.91,0,0,0,0,0,0,0,0,0,0,48,GT,ng,29.7035,-95.3983
1381,63.83,37.67,37.67,-25.1,1.04,88.8,1,74,12.81,0,0,0,0,0,0,0,0,0,0,74,GT,ng,29.4753,-95.6342
1385,54.82,35.63,35.63,-18.52,1.04,84,1,70,32.63,0,0,0,0,0,0,0,0,0,0,70,UN,ng,28.9792,-95.3069
1389,407.59,14.18,240.5,-150.94,1.0408,567,1,472.5,220.95,0,0,0,0,0,0,0,0,0,0,472.5,CA,ng,29.2894,-96.0654
1390,156.62,14.18,168.94,-87.16,1.044,398.28,1,331.9,51.41,0,0,0,0,0,0,0,0,0,0,331.9,CT,ng,29.2894,-96.0654
1391,289.24,14.18,170.67,-111.17,1.0421,402.36,1,335.3,156.21,0,0,0,0,0,0,0,0,0,0,335.3,CT,ng,29.2894,-96.0654
1394,24.4,4.25,27.49,-14.83,1.04,64.8,1,54,7.28,0,0,0,0,0,0,0,0,0,0,54,UN,ng,29.4924,-94.9848
1395,46.58,6.88,27.49,-17.42,1.04,64.8,1,54,10.18,0,0,0,0,0,0,0,0,0,0,54,UN,ng,29.4924,-94.9848
1396,46.58,6.6,27.49,-13.9,1.04,64.8,1,54,19.57,0,0,0,0,0,0,0,0,0,0,54,UN,ng,29.4924,-94.9848
1397,46.58,3.9,27.49,-16.97,1.04,64.8,1,54,24.34,0,0,0,0,0,0,0,0,0,0,54,UN,ng,29.4924,-94.9848
1398,32.11,8.86,27.49,-14.33,1.04,64.8,1,54,14.99,0,0,0,0,0,0,0,0,0,0,54,UN,ng,29.4924,-94.9848
1399,46.58,8.37,27.49,-15.98,1.04,64.8,1,54,18.36,0,0,0,0,0,0,0,0,0,0,54,UN,ng,29.4924,-94.9848
1401,38.82,22.9,22.9,-14.15,1.04,54,1,45,13.77,0,0,0,0,0,0,0,0,0,0,45,GT,ng,29.8833,-95.1113
1401,38.82,22.9,22.9,-13.82,1.04,54,1,45,10.04,0,0,0,0,0,0,0,0,0,0,45,GT,ng,29.8833,-95.1113
1403,100.93,49.09,59.55,-31.47,1.0395,140.4,1,117,41.9,0,0,0,0,0,0,0,0,0,0,117,UN,ng,29.6473,-95.4515
1848,19.18,9.19,23.41,-12.55,1.04,55.2,1,46,4.6,0,0,0,0,0,0,0,0,0,0,46,GT,ng,29.3525,-98.5761
1848,21.92,9.19,23.41,-14.08,1.04,55.2,1,46,7.34,0,0,0,0,0,0,0,0,0,0,46,GT,ng,29.3525,-98.5761
1850,39.68,21.69,23.41,-12.46,1.04,55.2,1,46,7.55,0,0,0,0,0,0,0,0,0,0,46,GT,ng,29.3525,-98.5761
1852,317.64,22.21,213.78,-117.09,1.0439,504,1,420,184.51,0,0,0,0,0,0,0,0,0,0,420,ST,ng,29.3081,-98.3242
1853,353.68,22.21,208.69,-111.76,1.0431,492,1,410,112.96,0,0,0,0,0,0,0,0,0,0,410,ST,ng,29.3081,-98.3242
1856,27.36,-0.35,24.43,-12.72,1.04,57.6,1,48,12.14,0,0,0,0,0,0,0,0,0,0,48,GT,ng,29.2567,-98.3825
1856,29.11,-0.35,24.43,-13.25,1.04,57.6,1,48,13.89,0,0,0,0,0,0,0,0,0,0,48,GT,ng,29.2567,-98.3825
1857,41.41,-0.16,24.43,-13.12,1.04,57.6,1,48,17.18,0,0,0,0,0,0,0,0,0,0,48,GT,ng,29.2567,-98.3825
1857,40.54,-0.16,23.92,-14.97,1.04,56.4,1,47,17.96,0,0,0,0,0,0,0,0,0,0,47,GT,ng,29.2567,-98.3825
1858,258.86,-30.92,209.71,-105.73,1.032,494.4,1,412,57.33,0,0,0,0,0,0,0,0,0,0,412,ST,ng,29.2567,-98.3825
1859,156.57,-0.28,117.07,-74.42,1.04,276,1,230,83.66,0,0,0,0,0,0,0,0,0,0,230,ST,ng,29.2567,-98.3825
1860,117.6,-30.92,110.45,-55.78,1.0333,260.4,1,217,48.81,0,0,0,0,0,0,0,0,0,0,217,ST,ng,29.2567,-98.3825
1863,7.25,0.03,4.28,-2.89,1.04,10.08,1,8.4,2.73,0,0,0,0,0,0,0,0,0,0,8.4,IC,ng,28.9276,-99.0919
1863,6.64,0.03,4.28,-2.86,1.04,10.08,1,8.4,3.98,0,0,0,0,0,0,0,0,0,0,8.4,IC,ng,28.9276,-99.0919
1864,6.29,-2.26,4.28,-2.65,1.04,10.08,1,8.4,3.63,0,0,0,0,0,0,0,0,0,0,8.4,IC,ng,28.9276,-99.0919
1864,7.25,-2.26,4.28,-2.58,1.04,10.08,1,8.4,4.14,0,0,0,0,0,0,0,0,0,0,8.4,IC,ng,28.9276,-99.0919
1865,7.25,0.3,4.28,-2.88,1.04,10.08,1,8.4,1.32,0,0,0,0,0,0,0,0,0,0,8.4,IC,ng,28.9276,-99.0919
1866,7.25,0.14,4.28,-2.72,1.04,10.08,1,8.4,2.6,0,0,0,0,0,0,0,0,0,0,8.4,IC,ng,28.9276,-99.0919
1867,7.25,0.23,4.28,-2.31,1.04,10.08,1,8.4,3.04,0,0,0,0,0,0,0,0,0,0,8.4,IC,ng,28.9276,-99.0919
1868,7.25,-2.26,4.28,-2.26,1.04,10.08,1,8.4,2.48,0,0,0,0,0,0,0,0,0,0,8.4,IC,ng,28.9276,-99.0919
1868,7.25,-2.47,4.28,-2.47,1.04,10.08,1,8.4,1.26,0,0,0,0,0,0,0,0,0,0,8.4,IC,ng,28.9276,-99.0919
1869,4.85,0.09,4.28,-2.57,1.04,10.08,1,8.4,2.19,0,0,0,0,0,0,0,0,0,0,8.4,IC,ng,28.9276,-99.0919
1869,7.25,0.09,4.28,-2.7,1.04,10.08,1,8.4,4.13,0,0,0,0,0,0,0,0,0,0,8.4,IC,ng,28.9276,-99.0919
1870,7.25,-2.88,4.28,-2.88,1.04,10.08,1,8.4,1.47,0,0,0,0,0,0,0,0,0,0,8.4,IC,ng,28.9276,-99.0919
1870,6.02,-2.45,4.28,-2.45,1.04,10.08,1,8.4,3.36,0,0,0,0,0,0,0,0,0,0,8.4,IC,ng,28.9276,-99.0919
1871,7.25,0.12,4.28,-2.1,1.04,10.08,1,8.4,1.35,0,0,0,0,0,0,0,0,0,0,8.4,IC,ng,28.9276,-99.0919
1871,7.25,0.12,4.28,-2.31,1.04,10.08,1,8.4,2.04,0,0,0,0,0,0,0,0,0,0,8.4,IC,ng,28.9276,-99.0919
1872,7.25,-1.86,4.28,-2.41,1.04,10.08,1,8.4,3.46,0,0,0,0,0,0,0,0,0,0,8.4,IC,ng,28.9276,-99.0919
1872,4,-1.86,4.28,-2.84,1.04,10.08,1,8.4,1.34,0,0,0,0,0,0,0,0,0,0,8.4,IC,ng,28.9276,-99.0919
1873,4.37,-2.32,4.28,-2.32,1.04,10.08,1,8.4,1.71,0,0,0,0,0,0,0,0,0,0,8.4,IC,ng,28.9276,-99.0919
1873,5.94,-2.52,4.28,-2.52,1.04,10.08,1,8.4,3.28,0,0,0,0,0,0,0,0,0,0,8.4,IC,ng,28.9276,-99.0919
1874,6.78,0.05,4.28,-2.85,1.04,10.08,1,8.4,4.12,0,0,0,0,0,0,0,0,0,0,8.4,IC,ng,28.9276,-99.0919
1874,5.39,0.05,4.28,-2.13,1.04,10.08,1,8.4,2.73,0,0,0,0,0,0,0,0,0,0,8.4,IC,ng,28.9276,-99.0919
1875,3.68,-2.16,4.28,-2.16,1.04,10.08,1,8.4,1.02,0,0,0,0,0,0,0,0,0,0,8.4,IC,ng,28.9276,-99.0919
1877,362.3,22.21,195.72,-105.54,1.0428,504,1,420,108.51,0,0,0,0,0,0,0,0,0,0,420,ST,coal,29.3081,-98.3228
1880,337.29,-63.48,182.21,-111.75,1.0374,469.2,1,391,136.06,0,0,0,0,0,0,0,0,0,0,391,ST,coal,28.7045,-98.4775
1882,677.16,-9.12,365.81,-198.8,1.0374,942,1,785,205.15,0,0,0,0,0,0,0,0,0,0,785,ST,coal,29.3098,-98.3203
1883,483.07,-9.12,260.96,-179.17,1.0394,672,1,560,237.11,0,0,0,0,0,0,0,0,0,0,560,ST,coal,29.3098,-98.3203
1885,163.9,-1.93,96.71,-57.49,1.04,228,1,190,83.8,0,0,0,0,0,0,0,0,0,0,190,CA,ng,29.2571,-98.384
1886,135.98,-30.92,83.48,-51.26,1.0315,196.8,1,164,30.66,0,0,0,0,0,0,0,0,0,0,164,CT,ng,29.2571,-98.384
1887,141.47,-1.77,83.48,-46.84,1.04,196.8,1,164,75.59,0,0,0,0,0,0,0,0,0,0,164,CT,ng,29.2571,-98.384
1903,11.65,6.24,6.24,-4.6,1.04,16.2,1,13.5,0,0,0,0,0,0,0,0,0,0,0,13.5,PV,solar,29.3042,-98.4003
1905,86.09,-28.31,46.15,-34.84,1.04,119.76,1,99.8,0,0,0,0,0,0,0,0,0,0,0,99.8,WT,wind,29.2348,-100.2092
1910,8.54,3.33,3.33,-2.48,1.04,11.88,1,9.9,0,0,0,0,0,0,0,0,0,0,0,9.9,PV,solar,29.245,-98.4183
1912,8.54,3.5,3.5,-3.24,1.04,11.88,1,9.9,0,0,0,0,0,0,0,0,0,0,0,9.9,PV,solar,29.245,-98.4183
1915,35.11,16.83,17.1,-10.34,1.04,48.84,1,40.7,0,0,0,0,0,0,0,0,0,0,0,40.7,PV,solar,29.2717,-98.4447
1919,34.16,-11.44,18.04,-11.73,1.04,47.52,1,39.6,0,0,0,0,0,0,0,0,0,0,0,39.6,PV,solar,29.3289,-100.3839
1923,86.26,-10.1,37.78,-25.81,1.04,120,1,100,0,0,0,0,0,0,0,0,0,0,0,100,PV,solar,29.2167,-99.7161
1935,4.56,3.37,3.37,-3.09,1.04,12,1,10,1.39,0,0,0,0,0,0,0,0,0,0,10,UN,other,29.4345,-98.6177
2288,448.84,2.46,289.11,-145.64,1.0294,681.6,1,568,61.95,0,0,0,0,0,0,0,0,0,0,568,ST,ng,32.7232,-96.9358
2289,58.12,22.05,60.06,-30.44,1.04,141.6,1,118,20.72,0,0,0,0,0,0,0,0,0,0,118,ST,ng,32.7232,-96.9358
2290,105.24,27.49,62.1,-34.94,1.04,146.4,1,122,26.64,0,0,0,0,0,0,0,0,0,0,122,ST,ng,32.7232,-96.9358
2293,98.68,8.92,58.23,-34.17,1.04,137.28,1,114.4,52.69,0,0,0,0,0,0,0,0,0,0,114.4,CA,ng,32.32,-96.675
2296,312.98,-39.24,207.67,-122.73,1.0353,489.6,1,408,183.65,0,0,0,0,0,0,0,0,0,0,408,CA,ng,32.7563,-96.4916
2297,351.95,-39.24,207.67,-115.16,1.0358,489.6,1,408,101.43,0,0,0,0,0,0,0,0,0,0,408,CA,ng,32.7563,-96.4916
2298,77.69,-0.59,85,-51.81,1.04,200.4,1,167,24.75,0,0,0,0,0,0,0,0,0,0,167,CT,ng,32.7563,-96.4916
2299,137.16,0.17,80.93,-41.24,1.04,190.8,1,159,52.33,0,0,0,0,0,0,0,0,0,0,159,CT,ng,32.7563,-96.4916
2300,137.16,-1.19,80.93,-49.81,1.04,190.8,1,159,45.96,0,0,0,0,0,0,0,0,0,0,159,CT,ng,32.7563,-96.4916
2301,125.69,-0.44,85,-52.72,1.04,200.4,1,167,72.75,0,0,0,0,0,0,0,0,0,0,167,CT,ng,32.7563,-96.4916
2302,137.16,-0.46,80.93,-40.36,1.04,190.8,1,159,47.33,0,0,0,0,0,0,0,0,0,0,159,CT,ng,32.7563,-96.4916
2303,119.47,-39.24,80.93,-43.59,1.0307,190.8,1,159,69.07,0,0,0,0,0,0,0,0,0,0,159,CT,ng,32.7563,-96.4916
2616,44.86,-0.48,26.47,-16.14,1.04,62.4,1,52,15.03,0,0,0,0,0,0,0,0,0,0,52,GT,ng,30.3034,-97.6128
2617,39.13,-0.28,26.47,-13.53,1.04,62.4,1,52,22.65,0,0,0,0,0,0,0,0,0,0,52,GT,ng,30.3034,-97.6128
2618,31.96,-0.38,26.47,-16.68,1.04,62.4,1,52,15.48,0,0,0,0,0,0,0,0,0,0,52,GT,ng,30.3034,-97.6128
2619,44.86,-0.4,26.47,-15.01,1.04,62.4,1,52,22.59,0,0,0,0,0,0,0,0,0,0,52,GT,ng,30.3034,-97.6128
2620,230.88,-78.74,205.64,-101.29,1.0257,484.8,1,404,102.82,0,0,0,0,0,0,0,0,0,0,404,ST,ng,30.3034,-97.6128
2621,181.47,-78.74,162.88,-94.98,1.0195,384,1,320,80.03,0,0,0,0,0,0,0,0,0,0,320,ST,ng,30.3034,-97.6128
2623,7.07,3.15,3.15,-2.62,1.04,9.84,1,8.2,3.96,0,0,0,0,0,0,0,0,0,0,8.2,HY,hydro,30.2934,-97.7844
2623,7.59,3.38,3.38,-2.34,1.04,10.56,1,8.8,2.52,0,0,0,0,0,0,0,0,0,0,8.8,HY,hydro,30.2934,-97.7844
2625,23.29,4.57,10.37,-9.03,1.04,32.4,1,27,5,0,0,0,0,0,0,0,0,0,0,27,HY,hydro,30.556,-98.3384
2626,23.29,4.57,10.37,-8.51,1.04,32.4,1,27,3.61,0,0,0,0,0,0,0,0,0,0,27,HY,hydro,30.556,-98.3384
2632,17.08,1.44,7.6,-6.23,1.04,23.76,1,19.8,3.25,0,0,0,0,0,0,0,0,0,0,19.8,HY,hydro,30.5553,-98.2576
2633,17.08,1.44,7.6,-5.86,1.04,23.76,1,19.8,9.12,0,0,0,0,0,0,0,0,0,0,19.8,HY,hydro,30.5553,-98.2576
2639,31.05,4.17,13.82,-12.06,1.04,43.2,1,36,10.71,0,0,0,0,0,0,0,0,0,0,36,HY,hydro,30.3899,-97.9073
2640,31.05,2.25,13.82,-11.61,1.04,43.2,1,36,6.42,0,0,0,0,0,0,0,0,0,0,36,HY,hydro,30.3899,-97.9073
2640,31.05,2.25,13.82,-11.08,1.04,43.2,1,36,13.5,0,0,0,0,0,0,0,0,0,0,36,HY,hydro,30.3899,-97.9073
2644,117.32,3.23,69.22,-34.67,1.04,163.2,1,136,66.98,0,0,0,0,0,0,0,0,0,0,136,ST,ng,30.1457,-97.2708
2645,117.32,3.1,69.22,-37.07,1.04,163.2,1,136,17.25,0,0,0,0,0,0,0,0,0,0,136,ST,ng,30.1457,-97.2708
2647,155.27,11.84,91.62,-61.19,1.04,216,1,180,25.92,0,0,0,0,0,0,0,0,0,0,180,CA,ng,30.5581,-98.3705
2648,107.27,-26.7,85.51,-46.5,1.0333,201.6,1,168,54.02,0,0,0,0,0,0,0,0,0,0,168,CT,ng,30.5581,-98.3705
2649,71.33,-26.7,85.51,-46.27,1.0313,201.6,1,168,18.08,0,0,0,0,0,0,0,0,0,0,168,CT,ng,30.5581,-98.3705
2651,138.88,-1.93,81.95,-53.88,1.04,193.2,1,161,72.34,0,0,0,0,0,0,0,0,0,0,161,CT,ng,30.2099,-97.6129
2652,130.26,-2.72,76.86,-46.42,1.04,181.2,1,151,54.56,0,0,0,0,0,0,0,0,0,0,151,CA,ng,30.2099,-97.6129
2653,40.8,-0.66,24.08,-11.86,1.04,56.76,1,47.3,14.72,0,0,0,0,0,0,0,0,0,0,47.3,GT,ng,30.2099,-97.6129
2653,40.8,-0.66,24.08,-15.48,1.04,56.76,1,47.3,20.33,0,0,0,0,0,0,0,0,0,0,47.3,GT,ng,30.2099,-97.6129
2654,40.8,-0.91,24.08,-12.64,1.04,56.76,1,47.3,6.4,0,0,0,0,0,0,0,0,0,0,47.3,GT,ng,30.2099,-97.6129
2654,40.8,-0.91,24.08,-15.14,1.04,56.76,1,47.3,8.21,0,0,0,0,0,0,0,0,0,0,47.3,GT,ng,30.2099,-97.6129
2655,40.8,-1.62,24.08,-14.36,1.04,56.76,1,47.3,21.59,0,0,0,0,0,0,0,0,0,0,47.3,GT,ng,30.2099,-97.6129
2655,23.29,-1.62,24.08,-13.54,1.04,56.76,1,47.3,8.3,0,0,0,0,0,0,0,0,0,0,47.3,GT,ng,30.2099,-97.6129
2662,30.01,23.67,23.67,-12.33,1.04,55.8,1,46.5,15.27,0,0,0,0,0,0,0,0,0,0,46.5,CT,ng,30.2867,-97.7356
2662,28.47,16.8,16.8,-11.45,1.04,39.6,1,33,5.05,0,0,0,0,0,0,0,0,0,0,33,CT,ng,30.2867,-97.7356
2663,23.81,14.05,14.05,-7.54,1.04,33.12,1,27.6,11.36,0,0,0,0,0,0,0,0,0,0,27.6,CA,ng,30.2867,-97.7356
2663,12.42,13.28,13.28,-8.94,1.04,31.32,1,26.1,4.15,0,0,0,0,0,0,0,0,0,0,26.1,CA,ng,30.2867,-97.7356
2669,148.37,-16.7,87.55,-50.96,1.0347,206.4,1,172,84.98,0,0,0,0,0,0,0,0,0,0,172,CA,ng,30.1479,-97.2714
2670,120.49,-16.7,86.02,-59,1.036,202.8,1,169,66.92,0,0,0,0,0,0,0,0,0,0,169,CT,ng,30.1479,-97.2714
2671,145.78,3.57,86.02,-48.29,1.04,202.8,1,169,83.87,0,0,0,0,0,0,0,0,0,0,169,CT,ng,30.1479,-97.2714
2673,99.39,-9.45,115.54,-60.32,1.04,272.4,1,227,27.43,0,0,0,0,0,0,0,0,0,0,227,UN,ng,30.1458,-97.55
2674,128.53,-2.61,75.84,-39.74,1.04,178.8,1,149,38.5,0,0,0,0,0,0,0,0,0,0,149,UN,ng,30.1458,-97.55
2675,128.53,-2.68,75.84,-38.09,1.04,178.8,1,149,71.65,0,0,0,0,0,0,0,0,0,0,149,UN,ng,30.1458,-97.55
2686,37.96,4.97,22.4,-11.92,1.04,52.8,1,44,17.07,0,0,0,0,0,0,0,0,0,0,44,GT,ng,30.0382,-96.9875
2686,37.96,4.97,22.4,-13.44,1.04,52.8,1,44,15.94,0,0,0,0,0,0,0,0,0,0,44,GT,ng,30.0382,-96.9875
2687,34.22,3.1,22.4,-12.74,1.04,52.8,1,44,20.27,0,0,0,0,0,0,0,0,0,0,44,GT,ng,30.0382,-96.9875
2687,37.96,3.1,22.4,-13.02,1.04,52.8,1,44,12.07,0,0,0,0,0,0,0,0,0,0,44,GT,ng,30.0382,-96.9875
2689,25.88,12.68,12.68,-8.52,1.04,36,1,30,0,0,0,0,0,0,0,0,0,0,0,30,PV,solar,30.2385,-97.5088
3127,257.66,-99.95,198.51,-99.95,1.016,468,1,390,134.04,0,0,0,0,0,0,0,0,0,0,390,ST,ng,33.1344,-98.6117
3128,171.61,-61.99,119.11,-61.99,1.0151,280.8,1,234,97.44,0,0,0,0,0,0,0,0,0,0,234,ST,ng,33.1344,-98.6117
3130,375.24,-78.9,221.41,-138.49,1.0221,522,1,435,110.02,0,0,0,0,0,0,0,0,0,0,435,ST,ng,32.7283,-97.2192
3132,340.74,-78.9,201.06,-115.51,1.0217,474,1,395,141.35,0,0,0,0,0,0,0,0,0,0,395,ST,ng,32.7283,-97.2192
3134,73.79,-3.33,52.94,-32.53,1.04,124.8,1,104,40.82,0,0,0,0,0,0,0,0,0,0,104,GT,ng,32.6581,-98.3103
3135,89.71,-2.67,52.94,-31.11,1.04,124.8,1,104,22.69,0,0,0,0,0,0,0,0,0,0,104,GT,ng,32.6581,-98.3103
3136,172.52,-55.53,101.8,-55.53,1.0267,240,1,200,90.83,0,0,0,0,0,0,0,0,0,0,200,ST,ng,32.6581,-98.3103
3138,29.84,-4.2,33.59,-19.48,1.04,79.2,1,66,8.92,0,0,0,0,0,0,0,0,0,0,66,ST,ng,32.6581,-98.3103
3140,1039.46,-155.42,443.44,-409.05,1.0261,1446,1,1205,571.44,0,0,0,0,0,0,0,0,0,0,1205,ST,nuclear,32.2984,-97.7855
3141,1030.84,-155.42,439.76,-369.2,1.0257,1434,1,1195,212.97,0,0,0,0,0,0,0,0,0,0,1195,ST,nuclear,32.2984,-97.7855
3144,61.25,-0.11,36.14,-20.43,1.04,85.2,1,71,23.29,0,0,0,0,0,0,0,0,0,0,71,GT,ng,32.4031,-97.7006
3145,44.17,0.04,35.63,-19.83,1.04,84,1,70,21.98,0,0,0,0,0,0,0,0,0,0,70,GT,ng,32.4031,-97.7006
3146,35.47,-0.19,35.63,-24.37,1.04,84,1,70,13.28,0,0,0,0,0,0,0,0,0,0,70,GT,ng,32.4031,-97.7006
3147,53.81,-0.21,36.14,-22.95,1.04,85.2,1,71,31.3,0,0,0,0,0,0,0,0,0,0,71,GT,ng,32.4031,-97.7006
3150,16.99,6.47,10.03,-5.6,1.04,23.64,1,19.7,1.97,0,0,0,0,0,0,0,0,0,0,19.7,CT,ng,33.8625,-98.5894
3151,16.99,6.47,10.03,-5.31,1.04,23.64,1,19.7,3.14,0,0,0,0,0,0,0,0,0,0,19.7,CT,ng,33.8625,-98.5894
3153,16.99,10.03,10.03,-5.6,1.04,23.64,1,19.7,3.54,0,0,0,0,0,0,0,0,0,0,19.7,CT,ng,33.8625,-98.5894
3153,7.22,8.65,8.65,-5.55,1.04,20.4,1,17,1.83,0,0,0,0,0,0,0,0,0,0,17,CA,ng,33.8625,-98.5894
3161,140.61,7.63,82.97,-53.71,1.04,195.6,1,163,42.85,0,0,0,0,0,0,0,0,0,0,163,CT,ng,32.3995,-97.4078
3162,89.71,8.13,52.94,-31.43,1.04,124.8,1,104,37.04,0,0,0,0,0,0,0,0,0,0,104,CA,ng,32.3995,-97.4078
3175,167.39,57.97,142.52,-73.64,1.0569,336,1,280,78.63,0,0,0,0,0,0,0,0,0,0,280,CA,ng,32.3342,-97.7317
3176,183.31,-14.12,108.16,-65.51,1.04,255,1,212.5,49.82,0,0,0,0,0,0,0,0,0,0,212.5,CT,ng,32.3342,-97.7317
3177,124.96,57.97,108.16,-69.04,1.0555,255,1,212.5,57.6,0,0,0,0,0,0,0,0,0,0,212.5,CT,ng,32.3342,-97.7317
3180,126.16,-78.03,147.86,-78.03,1.0295,348.6,1,290.5,34.08,0,0,0,0,0,0,0,0,0,0,290.5,CA,ng,33.101,-97.9574
3181,250.59,-72.97,147.86,-72.97,1.0233,348.6,1,290.5,117.8,0,0,0,0,0,0,0,0,0,0,290.5,CA,ng,33.101,-97.9574
3182,142.33,-12.21,83.99,-49.59,1.04,198,1,165,48.08,0,0,0,0,0,0,0,0,0,0,165,CT,ng,33.101,-97.9574
3183,100.71,-56.66,83.99,-56.66,1.0287,198,1,165,19.26,0,0,0,0,0,0,0,0,0,0,165,CT,ng,33.101,-97.9574
3184,123.13,-11.76,83.99,-57.24,1.04,198,1,165,70.83,0,0,0,0,0,0,0,0,0,0,165,CT,ng,33.101,-97.9574
3185,128.81,-9.4,83.99,-51.99,1.04,198,1,165,76.51,0,0,0,0,0,0,0,0,0,0,165,CT,ng,33.101,-97.9574
3187,151.56,-9.48,117.07,-75.97,1.04,276,1,230,78.65,0,0,0,0,0,0,0,0,0,0,230,CA,ng,33.0583,-97.9103
3188,194.09,-57.57,114.52,-57.57,1.0244,270,1,225,109.5,0,0,0,0,0,0,0,0,0,0,225,CT,ng,33.0583,-97.9103
3189,131.04,-6.71,114.52,-56.44,1.04,270,1,225,59.72,0,0,0,0,0,0,0,0,0,0,225,CT,ng,33.0583,-97.9103
3191,51.76,4.66,28.13,-17.28,1.04,72,1,60,0,0,0,0,0,0,0,0,0,0,0,60,WT,wind,32.3387,-98.4761
3195,103.51,-4.22,44.46,-40.4,1.04,144,1,120,0,0,0,0,0,0,0,0,0,0,0,120,WT,wind,33.0681,-98.3377
3198,194.09,-27.11,73.89,-71.14,1.04,270,1,225,0,0,0,0,0,0,0,0,0,0,0,225,WT,wind,33.3837,-98.7119
3201,138.88,-6.55,66.1,-48.32,1.04,193.2,1,161,0,0,0,0,0,0,0,0,0,0,0,161,WT,wind,33.4931,-98.5819
3204,129.39,-8.76,50.7,-43.56,1.04,180,1,150,0,0,0,0,0,0,0,0,0,0,0,150,WT,wind,33.2059,-98.3651
3206,97.05,12.37,52.97,-30.07,1.04,135,1,112.5,0,0,0,0,0,0,0,0,0,0,0,112.5,WT,wind,33.7331,-97.4284
3208,116.8,-1.12,59.57,-35.37,1.04,162.48,1,135.4,0,0,0,0,0,0,0,0,0,0,0,135.4,WT,wind,34.29,-99.3647
3210,94.89,1.72,39.41,-30.72,1.04,132,1,110,0,0,0,0,0,0,0,0,0,0,0,110,WT,wind,33.1431,-98.1611
3213,175.98,-59.71,61.4,-59.71,1.0314,244.8,1,204,0,0,0,0,0,0,0,0,0,0,0,204,WT,wind,33.5098,-98.3608
3215,58.31,-9.64,32.49,-17.27,1.04,81.12,1,67.6,0,0,0,0,0,0,0,0,0,0,0,67.6,WT,wind,33.4954,-98.5
3217,129.39,-10.9,50.99,-47.27,1.04,180,1,150,0,0,0,0,0,0,0,0,0,0,0,150,WT,wind,33.6282,-99.4112
3221,282.77,-88.25,166.85,-88.25,1.0231,393.36,1,327.8,96.89,0,0,0,0,0,0,0,0,0,0,327.8,CT,ng,32.3377,-97.7346
3222,284.06,-88.39,167.61,-88.39,1.0251,395.16,1,329.3,53.83,0,0,0,0,0,0,0,0,0,0,329.3,CT,ng,32.3377,-97.7346
3225,198.4,-12.11,98.89,-76.47,1.0381,276,1,230,0,0,0,0,0,0,0,0,0,0,0,230,WT,wind,34.103,-99.1187
3228,107.83,53.96,53.96,-38.24,1.04,150,1,125,0,0,0,0,0,0,0,0,0,0,0,125,WT,wind,33.7039,-97.372
3231,86.69,-28.76,30.71,-28.76,1.04,120.6,1,100.5,0,0,0,0,0,0,0,0,0,0,0,100.5,WT,wind,32.3713,-98.3774
3238,14.63,5.09,9.57,-5.25,1.04,22.56,1,18.8,8.67,0,0,0,0,0,0,0,0,0,0,18.8,UN,ng,33.2149,-97.2097
3238,13.52,5.09,9.57,-6.01,1.04,22.56,1,18.8,7.56,0,0,0,0,0,0,0,0,0,0,18.8,UN,ng,33.2149,-97.2097
3239,16.22,4.73,9.57,-6.45,1.04,22.56,1,18.8,4.22,0,0,0,0,0,0,0,0,0,0,18.8,UN,ng,33.2149,-97.2097
3240,9.86,3.35,9.57,-5.27,1.04,22.56,1,18.8,3.9,0,0,0,0,0,0,0,0,0,0,18.8,UN,ng,33.2149,-97.2097
3240,16.22,3.35,9.57,-5.59,1.04,22.56,1,18.8,7.92,0,0,0,0,0,0,0,0,0,0,18.8,UN,ng,33.2149,-97.2097
3241,16.22,2.27,9.57,-4.96,1.04,22.56,1,18.8,6.95,0,0,0,0,0,0,0,0,0,0,18.8,UN,ng,33.2149,-97.2097
3241,9.82,2.27,9.57,-4.93,1.04,22.56,1,18.8,3.86,0,0,0,0,0,0,0,0,0,0,18.8,UN,ng,33.2149,-97.2097
3242,8.34,4.93,9.57,-6.06,1.04,22.56,1,18.8,2.38,0,0,0,0,0,0,0,0,0,0,18.8,UN,ng,33.2149,-97.2097
3242,16.22,4.93,9.57,-6.13,1.04,22.56,1,18.8,9.17,0,0,0,0,0,0,0,0,0,0,18.8,UN,ng,33.2149,-97.2097
3243,16.22,2.75,9.57,-4.9,1.04,22.56,1,18.8,2.61,0,0,0,0,0,0,0,0,0,0,18.8,UN,ng,33.2149,-97.2097
3243,16.22,2.75,9.57,-4.78,1.04,22.56,1,18.8,2.95,0,0,0,0,0,0,0,0,0,0,18.8,UN,ng,33.2149,-97.2097
3244,16.22,6.62,9.57,-6.02,1.04,22.56,1,18.8,8.22,0,0,0,0,0,0,0,0,0,0,18.8,UN,ng,33.2149,-97.2097
3246,26.05,-1.05,10.97,-8.27,1.04,36.24,1,30.2,0,0,0,0,0,0,0,0,0,0,0,30.2,UN,wind,33.5783,-99.1921
3249,158.55,-12.86,62.45,-52.24,1.04,220.56,1,183.8,0,0,0,0,0,0,0,0,0,0,0,183.8,UN,wind,34.0723,-99.2647
3251,8.54,3.42,3.42,-3.16,1.04,11.88,1,9.9,0,0,0,0,0,0,0,0,0,0,0,9.9,UN,solar,32.05,-97.35
3440,275.18,-10.09,162.37,-79.76,1.0377,382.8,1,319,86.55,0,0,0,0,0,0,0,0,0,0,319,CA,ng,27.8194,-97.4192
3441,135.43,-1.57,79.91,-40.97,1.04,188.4,1,157,75.61,0,0,0,0,0,0,0,0,0,0,157,CT,ng,27.8194,-97.4192
3442,135.43,-10.09,79.91,-40.38,1.0385,188.4,1,157,15.86,0,0,0,0,0,0,0,0,0,0,157,CT,ng,27.8194,-97.4192
3445,112.6,2.67,89.07,-58.02,1.04,210,1,175,57.13,0,0,0,0,0,0,0,0,0,0,175,CT,ng,28.7883,-97.01
3446,96.01,2.43,63.63,-38.21,1.04,150,1,125,56.39,0,0,0,0,0,0,0,0,0,0,125,CA,ng,28.7883,-97.01
3449,38.1,-0.72,24.94,-16.19,1.04,58.8,1,49,22.57,0,0,0,0,0,0,0,0,0,0,49,CT,ng,28.8947,-97.135
3450,42.27,-0.38,24.94,-14.91,1.04,58.8,1,49,7.59,0,0,0,0,0,0,0,0,0,0,49,CT,ng,28.8947,-97.135
3450,41.41,-0.38,24.43,-15.27,1.04,57.6,1,48,11.93,0,0,0,0,0,0,0,0,0,0,48,CT,ng,28.8947,-97.135
3451,31.92,-0.46,18.83,-12.58,1.04,44.4,1,37,10.19,0,0,0,0,0,0,0,0,0,0,37,CA,ng,28.8947,-97.135
3457,135.43,3.94,79.91,-42.92,1.0411,188.4,1,157,39.96,0,0,0,0,0,0,0,0,0,0,157,CT,ng,27.6065,-97.3117
3458,135.43,-0.55,79.91,-48.89,1.04,188.4,1,157,39.26,0,0,0,0,0,0,0,0,0,0,157,CT,ng,27.6065,-97.3117
3459,258.79,3.94,152.7,-93.82,1.0398,360,1,300,92.25,0,0,0,0,0,0,0,0,0,0,300,ST,ng,27.6065,-97.3117
3461,565.02,11.95,305.23,-218.99,1.0407,786,1,655,212.55,0,0,0,0,0,0,0,0,0,0,655,ST,coal,28.7128,-97.2142
3465,28.04,-0.76,16.54,-8.7,1.04,39,1,32.5,13.73,0,0,0,0,0,0,0,0,0,0,32.5,GT,ng,27.5697,-97.8228
3467,62.11,7.09,36.65,-22.45,1.04,86.4,1,72,35.46,0,0,0,0,0,0,0,0,0,0,72,CT,ng,28.6917,-96.5417
3468,62.11,6.15,36.65,-20.87,1.04,86.4,1,72,9.13,0,0,0,0,0,0,0,0,0,0,72,CT,ng,28.6917,-96.5417
3469,62.11,11.29,36.65,-25.02,1.04,86.4,1,72,10.37,0,0,0,0,0,0,0,0,0,0,72,CT,ng,28.6917,-96.5417
3470,45.97,7.27,36.65,-24.18,1.04,86.4,1,72,23.15,0,0,0,0,0,0,0,0,0,0,72,CT,ng,28.6917,-96.5417
3471,30.57,9.07,36.65,-19.32,1.04,86.4,1,72,7.75,0,0,0,0,0,0,0,0,0,0,72,CT,ng,28.6917,-96.5417
3472,62.11,5.91,36.65,-20.13,1.04,86.4,1,72,32.35,0,0,0,0,0,0,0,0,0,0,72,CT,ng,28.6917,-96.5417
3473,49.6,5.32,29.27,-20.01,1.04,69,1,57.5,20.78,0,0,0,0,0,0,0,0,0,0,57.5,CA,ng,28.6917,-96.5417
3474,29.71,3,24.08,-12.08,1.04,56.76,1,47.3,14.72,0,0,0,0,0,0,0,0,0,0,47.3,CA,ng,28.6917,-96.5417
3474,23.89,3,16.29,-9.01,1.04,38.4,1,32,13.75,0,0,0,0,0,0,0,0,0,0,32,CT,ng,28.6917,-96.5417
3475,12.89,4.23,14.51,-9.91,1.04,34.2,1,28.5,3.86,0,0,0,0,0,0,0,0,0,0,28.5,CA,ng,28.6917,-96.5417
3477,49.72,4.2,38.17,-22.43,1.04,90,1,75,25.95,0,0,0,0,0,0,0,0,0,0,75,GT,ng,28.6752,-96.956
3479,27.6,13.71,16.29,-11.07,1.04,38.4,1,32,8.09,0,0,0,0,0,0,0,0,0,0,32,GT,ng,27.8322,-97.5281
3487,20.45,7.27,15.27,-8.2,1.04,36,1,30,10.94,0,0,0,0,0,0,0,0,0,0,30,CT,ng,28.5105,-96.7706
3487,25.88,7.27,15.27,-9.06,1.04,36,1,30,4.84,0,0,0,0,0,0,0,0,0,0,30,CT,ng,28.5105,-96.7706
3488,25.88,5.65,15.27,-8.42,1.04,36,1,30,9.98,0,0,0,0,0,0,0,0,0,0,30,CT,ng,28.5105,-96.7706
3497,20.59,5.3,16.8,-10.53,1.04,39.6,1,33,10.13,0,0,0,0,0,0,0,0,0,0,33,GT,ng,27.8111,-97.5958
3500,121.63,21.87,71.77,-39.72,1.0463,169.2,1,141,33.5,0,0,0,0,0,0,0,0,0,0,141,CT,ng,27.8894,-97.2584
3501,120.77,-0.1,71.26,-43.22,1.04,168,1,140,20.3,0,0,0,0,0,0,0,0,0,0,140,CT,ng,27.8894,-97.2584
3502,66.57,-0.11,43.26,-22.8,1.04,102,1,85,9.38,0,0,0,0,0,0,0,0,0,0,85,CA,ng,27.8894,-97.2584
3504,118.22,-0.02,77.37,-42.81,1.04,182.4,1,152,49.55,0,0,0,0,0,0,0,0,0,0,152,CT,ng,27.8139,-97.4283
3506,113.72,34.63,83.99,-53.83,1.0515,198,1,165,61.42,0,0,0,0,0,0,0,0,0,0,165,CA,ng,27.8139,-97.4283
3509,96.36,-1.74,78.9,-47.28,1.0396,186,1,155,47.23,0,0,0,0,0,0,0,0,0,0,155,CT,ng,27.8828,-97.2428
3510,128.23,-1.74,78.9,-53.1,1.0399,186,1,155,60.12,0,0,0,0,0,0,0,0,0,0,155,CT,ng,27.8828,-97.2428
3511,129.39,-1.74,76.35,-50.65,1.0394,180,1,150,24.83,0,0,0,0,0,0,0,0,0,0,150,CA,ng,27.8828,-97.2428
3514,244.3,3.92,86.16,-77.82,1.0441,339.84,1,283.2,0,0,0,0,0,0,0,0,0,0,0,283.2,WT,wind,27.0011,-97.5994
3517,123.44,12.21,72.84,-37.28,1.04,171.72,1,143.1,51.51,0,0,0,0,0,0,0,0,0,0,143.1,ST,ng,28.6503,-96.5397
3518,82.14,10.62,72.84,-48.73,1.04,171.72,1,143.1,36.78,0,0,0,0,0,0,0,0,0,0,143.1,ST,ng,28.6503,-96.5397
3521,173.91,-28.3,69.19,-62.38,1.0363,241.92,1,201.6,0,0,0,0,0,0,0,0,0,0,0,201.6,WT,wind,27.0702,-97.5077
3524,155.27,4.33,62.64,-55.32,1.04,216,1,180,0,0,0,0,0,0,0,0,0,0,0,180,WT,wind,27.9386,-97.4586
3526,173.39,-14.4,65.23,-61.4,1.0396,241.2,1,201,0,0,0,0,0,0,0,0,0,0,0,201,WT,wind,27.1197,-97.5499
3529,172.61,4.36,98.28,-58.93,1.0408,240.12,1,200.1,0,0,0,0,0,0,0,0,0,0,0,200.1,WT,wind,27.9959,-97.2967
3532,162.17,3.58,76.85,-64.67,1.044,225.6,1,188,0,0,0,0,0,0,0,0,0,0,0,188,WT,wind,27.2231,-97.7892
3537,195.04,0.95,81.54,-72.69,1.04,271.32,1,226.1,0,0,0,0,0,0,0,0,0,0,0,226.1,UN,wind,27.5928,-97.6481
3539,173.39,-37.31,86.2,-56.14,1.0333,241.2,1,201,0,0,0,0,0,0,0,0,0,0,0,201,UN,wind,26.9417,-97.6425
3542,214.79,58.99,80,-72.97,1.0502,298.8,1,249,0,0,0,0,0,0,0,0,0,0,0,249,WT,wind,27.5925,-97.5008
3544,27.67,4.4,22.9,-15.13,1.04,54,1,45,13.41,0,0,0,0,0,0,0,0,0,0,45,GT,ng,28.6481,-96.5462
3545,38.82,4.44,22.9,-13.8,1.04,54,1,45,12.63,0,0,0,0,0,0,0,0,0,0,45,GT,ng,28.6481,-96.5462
3548,43.13,1.78,25.45,-13.47,1.04,60,1,50,12.73,0,0,0,0,0,0,0,0,0,0,50,UN,ng,28.6958,-96.9454
3549,23.43,2.88,25.45,-17.38,1.04,60,1,50,7.58,0,0,0,0,0,0,0,0,0,0,50,UN,ng,28.6958,-96.9454
3552,264.91,-59.74,128.6,-85.81,1.0298,368.52,1,307.1,0,0,0,0,0,0,0,0,0,0,0,307.1,UN,wind,28.1093,-97.7505
3554,140.52,25.55,54.81,-53.18,1.0448,195.48,1,162.9,0,0,0,0,0,0,0,0,0,0,0,162.9,UN,wind,27.9551,-97.3002
4071,426.44,-11.98,266.21,-169,1.0286,627.6,1,523,85.76,0,0,0,0,0,0,0,0,0,0,523,ST,ng,32.8359,-96.5458
4072,317.79,-11.98,199.53,-113.97,1.0301,470.4,1,392,193.53,0,0,0,0,0,0,0,0,0,0,392,ST,ng,32.8359,-96.5458
4075,64.7,17.5,38.17,-19.14,1.04,90,1,75,9.13,0,0,0,0,0,0,0,0,0,0,75,ST,ng,33.0681,-96.4525
4076,119.04,23.25,70.24,-37.83,1.04,165.6,1,138,47.43,0,0,0,0,0,0,0,0,0,0,138,ST,ng,33.0681,-96.4525
4077,90.96,18.37,54.46,-30.73,1.04,128.4,1,107,44.55,0,0,0,0,0,0,0,0,0,0,107,ST,ng,33.0681,-96.4525
4078,42.74,19.55,38.17,-21.41,1.04,90,1,75,18.97,0,0,0,0,0,0,0,0,0,0,75,GT,ng,33.0681,-96.4525
4081,7.07,4.17,4.17,-2.87,1.04,9.84,1,8.2,1.94,0,0,0,0,0,0,0,0,0,0,8.2,IC,ng,33.1708,-96.1264
4082,3.74,0.26,4.17,-2.37,1.04,9.84,1,8.2,1.14,0,0,0,0,0,0,0,0,0,0,8.2,IC,ng,33.1708,-96.1264
4082,35.37,0.26,20.87,-14.06,1.04,49.2,1,41,20,0,0,0,0,0,0,0,0,0,0,41,ST,ng,33.1708,-96.1264
4083,19.84,0.45,11.71,-6.88,1.04,27.6,1,23,6.13,0,0,0,0,0,0,0,0,0,0,23,ST,ng,33.1708,-96.1264
4083,15.53,0.45,9.16,-6,1.04,21.6,1,18,5.16,0,0,0,0,0,0,0,0,0,0,18,ST,ng,33.1708,-96.1264
4085,52.62,28.15,31.05,-19.36,1.04,73.2,1,61,18.15,0,0,0,0,0,0,0,0,0,0,61,ST,ng,33.1975,-97.1061
4086,52.62,28.02,31.05,-18.38,1.04,73.2,1,61,22.87,0,0,0,0,0,0,0,0,0,0,61,ST,ng,33.1975,-97.1061
4088,34.5,4.14,15.36,-11.2,1.04,48,1,40,4.04,0,0,0,0,0,0,0,0,0,0,40,HY,hydro,33.8182,-96.5692
4089,34.5,4.14,15.36,-12,1.04,48,1,40,14.94,0,0,0,0,0,0,0,0,0,0,40,HY,hydro,33.8182,-96.5692
4093,37.05,-3.76,39.7,-19.91,1.04,93.6,1,78,12.33,0,0,0,0,0,0,0,0,0,0,78,CT,ng,33.6968,-95.5577
4094,50,-1.72,39.7,-26.1,1.04,93.6,1,78,25.28,0,0,0,0,0,0,0,0,0,0,78,CA,ng,33.6968,-95.5577
4095,69.01,-4.74,40.72,-26.22,1.04,96,1,80,32.74,0,0,0,0,0,0,0,0,0,0,80,CT,ng,33.6968,-95.5577
4103,175.98,-26.88,103.84,-52.42,1.0357,244.8,1,204,52.04,0,0,0,0,0,0,0,0,0,0,204,CA,ng,33.6308,-95.59
4104,100.06,-26.88,103.84,-58.96,1.0353,244.8,1,204,35.4,0,0,0,0,0,0,0,0,0,0,204,CA,ng,33.6308,-95.59
4105,111.06,-6.68,81.95,-51.62,1.04,193.2,1,161,60.03,0,0,0,0,0,0,0,0,0,0,161,CT,ng,33.6308,-95.59
4106,100.56,-4.25,77.88,-52.52,1.04,183.6,1,153,26.83,0,0,0,0,0,0,0,0,0,0,153,CT,ng,33.6308,-95.59
4107,131.98,-2.22,77.88,-45.58,1.04,183.6,1,153,28.8,0,0,0,0,0,0,0,0,0,0,153,CT,ng,33.6308,-95.59
4108,138.88,-3.71,81.95,-52.73,1.04,193.2,1,161,43.93,0,0,0,0,0,0,0,0,0,0,161,CT,ng,33.6308,-95.59
4117,98.04,-55.81,104.85,-55.81,1.0271,247.2,1,206,32.74,0,0,0,0,0,0,0,0,0,0,206,CT,ng,33.5826,-96.6179
4118,102.47,-53.68,104.34,-53.68,1.0227,246,1,205,37.49,0,0,0,0,0,0,0,0,0,0,205,CT,ng,33.5826,-96.6179
4130,8.63,4.21,4.21,-2.96,1.04,12,1,10,0,0,0,0,0,0,0,0,0,0,0,10,PV,solar,33.4982,-96.3789
4132,8.63,3.62,3.62,-3.49,1.04,12,1,10,0,0,0,0,0,0,0,0,0,0,0,10,PV,solar,33.1612,-96.2397
4136,8.63,3.18,3.18,-2.82,1.04,12,1,10,0,0,0,0,0,0,0,0,0,0,0,10,UN,solar,33.1662,-96.1726
4247,53.01,8.93,45.86,-24.01,1.04,108.12,1,90.1,24.45,0,0,0,0,0,0,0,0,0,0,90.1,GT,ng,27.5667,-99.5089
4250,9.06,-0.4,4.03,-2.85,1.04,12.6,1,10.5,3.13,0,0,0,0,0,0,0,0,0,0,10.5,HY,hydro,26.5576,-99.1642
4253,6.91,-0.41,3.84,-3.07,1.04,12,1,10,3.74,0,0,0,0,0,0,0,0,0,0,10,HY,hydro,26.5576,-99.1642
4255,129.39,-24.32,73.05,-38.38,1.04,180,1,150,0,0,0,0,0,0,0,0,0,0,0,150,WT,wind,27.5762,-98.9053
4257,78.67,-16.91,39.55,-29.91,1.04,109.44,1,91.2,0,0,0,0,0,0,0,0,0,0,0,91.2,WT,wind,27.4881,-99.0053
4259,172.52,-14.96,84.49,-57.42,1.04,240,1,200,0,0,0,0,0,0,0,0,0,0,0,200,WT,wind,26.3886,-98.8061
4262,172.52,-11.72,65.1,-59.25,1.0377,240,1,200,0,0,0,0,0,0,0,0,0,0,0,200,WT,wind,26.3806,-98.8183
4264,67.28,-11.35,24.19,-20.94,1.04,93.6,1,78,0,0,0,0,0,0,0,0,0,0,0,78,WT,wind,27.18,-98.9167
4267,215.4,-17.73,88.26,-80.6,1.04,299.64,1,249.7,0,0,0,0,0,0,0,0,0,0,0,249.7,WT,wind,27.32,-99
4270,172.52,-21.64,92.18,-51.51,1.04,240,1,200,0,0,0,0,0,0,0,0,0,0,0,200,WT,wind,27.44,-98.91
4273,204.96,-3.24,89.5,-63.73,1.0377,285.12,1,237.6,0,0,0,0,0,0,0,0,0,0,0,237.6,UN,wind,26.6491,-99.0387
4276,258.79,-13.39,94.19,-89.25,1.0408,360,1,300,0,0,0,0,0,0,0,0,0,0,0,300,UN,wind,27.6145,-98.7945
4279,172.52,-0.18,91.47,-59.1,1.04,240,1,200,0,0,0,0,0,0,0,0,0,0,0,200,UN,wind,26.5237,-98.7455
4281,8.63,-3.26,4.27,-3.26,1.04,12,1,10,0,0,0,0,0,0,0,0,0,0,0,10,UN,solar,27.4216,-98.835
4387,138.02,-5.1,64.8,-53.58,1.04,192,1,160,0,0,0,0,0,0,0,0,0,0,0,160,WT,wind,32.948,-101.1478
4395,112.57,-3.24,58.99,-36.24,1.04,156.6,1,130.5,0,0,0,0,0,0,0,0,0,0,0,130.5,WT,wind,32.7205,-100.9952
4399,129.39,-5.71,57.1,-47.85,1.04,180,1,150,0,0,0,0,0,0,0,0,0,0,0,150,WT,wind,33.7522,-100.9674
4401,155.27,-4.25,64.73,-58.71,1.039,216,1,180,0,0,0,0,0,0,0,0,0,0,0,180,UN,wind,32.9291,-101.5786
4404,182.01,-6.15,95.13,-63.17,1.0383,253.2,1,211,0,0,0,0,0,0,0,0,0,0,0,211,WT,wind,32.9264,-101.6478
4405,142.33,0.18,79.23,-42.56,1.04,198,1,165,0,0,0,0,0,0,0,0,0,0,0,165,WT,wind,32.9264,-101.6478
4410,188.05,-13.3,87.77,-59.2,1.04,261.6,1,218,0,0,0,0,0,0,0,0,0,0,0,218,WT,wind,35.4275,-101.2531
4412,182.19,-30.24,68.99,-63.84,1.0389,253.44,1,211.2,0,0,0,0,0,0,0,0,0,0,0,211.2,WT,wind,35.2384,-101.3108
4414,129.39,-11.63,72.03,-39.85,1.04,180,1,150,0,0,0,0,0,0,0,0,0,0,0,150,WT,wind,35.2053,-101.4342
4416,156.74,-2.12,89.94,-55.69,1.0394,218.04,1,181.7,0,0,0,0,0,0,0,0,0,0,0,181.7,WT,wind,35.4428,-101.3728
4418,248.95,-8.05,130.45,-89.78,1.0395,346.32,1,288.6,0,0,0,0,0,0,0,0,0,0,0,288.6,WT,wind,35.6539,-100.5386
4420,221.69,-28.07,119.62,-85.43,1.0389,308.4,1,257,0,0,0,0,0,0,0,0,0,0,0,257,WT,wind,33.8251,-101.0997
4423,172.52,-21.06,88.52,-56.8,1.0363,240,1,200,0,0,0,0,0,0,0,0,0,0,0,200,WT,wind,34.3112,-101.2511
4425,172.52,-8.24,74.67,-64.75,1.0365,240,1,200,0,0,0,0,0,0,0,0,0,0,0,200,WT,wind,34.7481,-102.1744
4427,138.88,-0.46,50.72,-48.07,1.04,193.2,1,161,0,0,0,0,0,0,0,0,0,0,0,161,WT,wind,35.277,-102.6828
4429,167.35,-6.42,91.87,-59.24,1.04,232.8,1,194,0,0,0,0,0,0,0,0,0,0,0,194,WT,wind,35.295,-102.7211
4431,198.75,11.97,107.81,-67.63,1.0389,276.48,1,230.4,0,0,0,0,0,0,0,0,0,0,0,230.4,UN,wind,34.6675,-102.5778
4433,172.52,-4.46,71.63,-53.28,1.0383,240,1,200,0,0,0,0,0,0,0,0,0,0,0,200,WT,wind,35.2542,-101.1866
4435,134.05,-0.63,76.56,-51.04,1.0394,186.48,1,155.4,0,0,0,0,0,0,0,0,0,0,0,155.4,WT,wind,32.932,-101.1436
4438,172.52,-14.23,86.81,-65.09,1.0373,240,1,200,0,0,0,0,0,0,0,0,0,0,0,200,WT,wind,34.0806,-101.3236
4441,258.53,-30.29,135.63,-99.58,1.0327,359.64,1,299.7,0,0,0,0,0,0,0,0,0,0,0,299.7,WT,wind,34.7201,-102.2533
4443,129.39,-9.53,55.54,-51.19,1.04,180,1,150,0,0,0,0,0,0,0,0,0,0,0,150,WT,wind,33.646,-99.5329
4445,129.39,-10.01,60.34,-43.62,1.04,180,1,150,0,0,0,0,0,0,0,0,0,0,0,150,WT,wind,34.4323,-101.2372
4448,258.79,-45.72,124.42,-97.67,1.0346,360,1,300,0,0,0,0,0,0,0,0,0,0,0,300,WT,wind,34.197,-101.3815
4452,128.01,-0.25,46.21,-44,1.04,178.08,1,148.4,0,0,0,0,0,0,0,0,0,0,0,148.4,UN,wind,34.0383,-102.6652
4457,130.43,1.77,65.43,-41.77,1.04,181.44,1,151.2,0,0,0,0,0,0,0,0,0,0,0,151.2,WT,wind,34.0604,-101.1876
4460,150.1,-0.69,85.75,-44.44,1.04,208.8,1,174,0,0,0,0,0,0,0,0,0,0,0,174,WT,wind,35.1818,-100.9344
4465,140.61,-6.6,50.38,-41.21,1.04,195.6,1,163,0,0,0,0,0,0,0,0,0,0,0,163,WT,wind,34.7696,-102.0524
4468,218.24,-71.03,109.69,-86.21,1.0245,303.6,1,253,0,0,0,0,0,0,0,0,0,0,0,253,WT,wind,32.8638,-100.9751
4471,302.18,-96.05,131.29,-107.23,1.0199,420.36,1,350.3,0,0,0,0,0,0,0,0,0,0,0,350.3,UN,wind,33.9153,-99.7403
4473,136.29,-3.18,54.26,-49.23,1.04,189.6,1,158,0,0,0,0,0,0,0,0,0,0,0,158,UN,wind,32.8752,-101.209
4475,258.79,-13.25,111.11,-99.9,1.0381,360,1,300,0,0,0,0,0,0,0,0,0,0,0,300,UN,wind,33.1509,-101.6792
4480,172.7,-61.95,67.31,-61.95,1.0166,240.24,1,200.2,0,0,0,0,0,0,0,0,0,0,0,200.2,UN,wind,34.1705,-99.5634
4483,181.24,-4.3,79.46,-60.57,1.04,252.12,1,210.1,0,0,0,0,0,0,0,0,0,0,0,210.1,UN,wind,35.2002,-102.3155
4639,36.23,-6.02,21.38,-13.3,1.04,50.4,1,42,15.03,0,0,0,0,0,0,0,0,0,0,42,CT,ng,25.9131,-97.5214
4639,15.17,-6.02,10.18,-6.04,1.04,24,1,20,8.83,0,0,0,0,0,0,0,0,0,0,20,CA,ng,25.9131,-97.5214
4640,29.12,-11.02,22.9,-15.35,1.04,54,1,45,14.86,0,0,0,0,0,0,0,0,0,0,45,GT,ng,25.9131,-97.5214
4645,6.15,0.98,3.19,-2.89,1.04,12,1,10,2.98,0,0,0,0,0,0,0,0,0,0,10,ST,wood,26.2697,-97.867
4651,190.64,-1.49,112.49,-66.87,1.04,265.2,1,221,109.11,0,0,0,0,0,0,0,0,0,0,221,CT,ng,26.3404,-98.19
4652,190.64,-67.23,112.49,-67.23,1.0236,265.2,1,221,26.92,0,0,0,0,0,0,0,0,0,0,221,CT,ng,26.3404,-98.19
4655,126.14,-27.33,87.55,-53.46,1.0331,206.4,1,172,71.62,0,0,0,0,0,0,0,0,0,0,172,CA,ng,26.3418,-98.1758
4656,84.92,-0.42,75.84,-45.81,1.04,178.8,1,149,37.69,0,0,0,0,0,0,0,0,0,0,149,CT,ng,26.3418,-98.1758
4657,128.53,0.5,75.84,-47.61,1.04,178.8,1,149,22.51,0,0,0,0,0,0,0,0,0,0,149,CT,ng,26.3418,-98.1758
4662,215.66,-18.39,113.11,-70.37,1.0373,300,1,250,0,0,0,0,0,0,0,0,0,0,0,250,WT,wind,26.4656,-98.4111
4664,172.52,-25.6,67.19,-51.8,1.0294,240,1,200,0,0,0,0,0,0,0,0,0,0,0,200,WT,wind,26.3308,-97.5857
4667,173.91,-40.99,92.51,-67.89,1.0323,241.92,1,201.6,0,0,0,0,0,0,0,0,0,0,0,201.6,WT,wind,26.3489,-97.6668
4669,175.11,-6.17,79.39,-62.83,1.04,243.6,1,203,0,0,0,0,0,0,0,0,0,0,0,203,WT,wind,26.4754,-97.6911
4672,196.68,-36.02,109.59,-76.97,1.0333,273.6,1,228,0,0,0,0,0,0,0,0,0,0,0,228,WT,wind,26.5223,-97.6911
4675,142.33,-15.09,79.13,-43.54,1.04,198,1,165,0,0,0,0,0,0,0,0,0,0,0,165,WT,wind,26.1954,-97.4661
4678,14.57,-0.28,9.31,-6.34,1.04,21.96,1,18.3,8.77,0,0,0,0,0,0,0,0,0,0,18.3,IC,ng,26.4512,-98.1775
4678,11.43,-0.28,9.31,-5.99,1.04,21.96,1,18.3,5.63,0,0,0,0,0,0,0,0,0,0,18.3,IC,ng,26.4512,-98.1775
4679,11.25,-0.29,9.31,-4.72,1.04,21.96,1,18.3,5.45,0,0,0,0,0,0,0,0,0,0,18.3,IC,ng,26.4512,-98.1775
4680,13.53,0.04,9.31,-5.31,1.04,21.96,1,18.3,7.73,0,0,0,0,0,0,0,0,0,0,18.3,IC,ng,26.4512,-98.1775
4681,15.79,-0.26,9.31,-6.3,1.04,21.96,1,18.3,5.93,0,0,0,0,0,0,0,0,0,0,18.3,IC,ng,26.4512,-98.1775
4681,15.79,-0.26,9.31,-6.04,1.04,21.96,1,18.3,2.69,0,0,0,0,0,0,0,0,0,0,18.3,IC,ng,26.4512,-98.1775
4682,12.04,-0.31,9.31,-5.6,1.04,21.96,1,18.3,6.24,0,0,0,0,0,0,0,0,0,0,18.3,IC,ng,26.4512,-98.1775
4683,8.05,-0.21,9.31,-5.61,1.04,21.96,1,18.3,2.25,0,0,0,0,0,0,0,0,0,0,18.3,IC,ng,26.4512,-98.1775
4684,10.61,-0.15,9.31,-5.31,1.04,21.96,1,18.3,4.81,0,0,0,0,0,0,0,0,0,0,18.3,IC,ng,26.4512,-98.1775
4684,15.79,-0.15,9.31,-5.48,1.04,21.96,1,18.3,7.38,0,0,0,0,0,0,0,0,0,0,18.3,IC,ng,26.4512,-98.1775
4685,15.79,-0.22,9.31,-4.83,1.04,21.96,1,18.3,7.86,0,0,0,0,0,0,0,0,0,0,18.3,IC,ng,26.4512,-98.1775
4685,15.79,-0.22,9.31,-4.72,1.04,21.96,1,18.3,8.12,0,0,0,0,0,0,0,0,0,0,18.3,IC,ng,26.4512,-98.1775
4687,82.21,-12.86,37.82,-32.73,1.04,114.36,1,95.3,0,0,0,0,0,0,0,0,0,0,0,95.3,WT,wind,26.126,-97.3776
4690,94.89,-3.41,49.81,-29.46,1.04,132,1,110,0,0,0,0,0,0,0,0,0,0,0,110,WT,wind,26.4118,-98.5716
5008,15.79,7.03,7.03,-5.73,1.04,21.96,1,18.3,1.85,0,0,0,0,0,0,0,0,0,0,18.3,HY,hydro,30.7507,-98.4176
5009,11.77,6.65,7.03,-6.33,1.04,21.96,1,18.3,5.97,0,0,0,0,0,0,0,0,0,0,18.3,HY,hydro,30.7507,-98.4176
5014,18.12,-2.04,8.06,-7.34,1.04,25.2,1,21,2.58,0,0,0,0,0,0,0,0,0,0,21,HY,hydro,31.8695,-97.3667
5014,18.12,-2.04,8.06,-5.64,1.04,25.2,1,21,6.95,0,0,0,0,0,0,0,0,0,0,21,HY,hydro,31.8695,-97.3667
5016,155.51,-67.34,101.8,-67.34,1.0267,240,1,200,92.11,0,0,0,0,0,0,0,0,0,0,200,CA,ng,31.8595,-97.3586
5017,121.97,-5.34,80.93,-43.02,1.04,190.8,1,159,71.57,0,0,0,0,0,0,0,0,0,0,159,CT,ng,31.8595,-97.3586
5018,89.93,-6.21,80.93,-47.94,1.04,190.8,1,159,39.53,0,0,0,0,0,0,0,0,0,0,159,CT,ng,31.8595,-97.3586
5019,97.87,-6.83,78.39,-40.98,1.04,184.8,1,154,22.82,0,0,0,0,0,0,0,0,0,0,154,CT,ng,31.8595,-97.3586
5020,74.19,-5.17,43.77,-24.47,1.04,103.2,1,86,28.3,0,0,0,0,0,0,0,0,0,0,86,CA,ng,31.8595,-97.3586
5023,804.48,5.22,434.59,-264.3,1.0366,1119.12,1,932.6,269.58,0,0,0,0,0,0,0,0,0,0,932.6,ST,coal,31.4745,-96.9571
5025,269.14,-25.96,158.81,-83.32,1.031,374.4,1,312,135.91,0,0,0,0,0,0,0,0,0,0,312,CA,ng,31.0559,-97.3172
5026,191.77,-25.96,158.81,-81.77,1.0299,374.4,1,312,92.87,0,0,0,0,0,0,0,0,0,0,312,CA,ng,31.0559,-97.3172
5028,182.01,19.4,107.4,-70.93,1.04,253.2,1,211,53.7,0,0,0,0,0,0,0,0,0,0,211,CT,ng,31.0559,-97.3172
5029,119.65,15.62,107.4,-54.69,1.04,253.2,1,211,52.77,0,0,0,0,0,0,0,0,0,0,211,CT,ng,31.0559,-97.3172
5030,131.77,15.84,107.4,-66.88,1.04,253.2,1,211,64.89,0,0,0,0,0,0,0,0,0,0,211,CT,ng,31.0559,-97.3172
5035,129.39,-37.68,73.47,-37.68,1.0357,180,1,150,0,0,0,0,0,0,0,0,0,0,0,150,WT,wind,31.3834,-98.4667
5038,172.61,-33.54,60.12,-51.57,1.04,240.12,1,200.1,0,0,0,0,0,0,0,0,0,0,0,200.1,WT,wind,31.8226,-98.6906
5043,172.52,-37.6,76.6,-55.75,1.04,240,1,200,0,0,0,0,0,0,0,0,0,0,0,200,UN,wind,31.6845,-98.6034
5170,27.27,0.94,32.58,-20.07,1.04,76.8,1,64,6.98,0,0,0,0,0,0,0,0,0,0,64,GT,ng,31.5839,-102.9633
5171,42.08,0.47,32.58,-18.48,1.04,76.8,1,64,11.24,0,0,0,0,0,0,0,0,0,0,64,GT,ng,31.5839,-102.9633
5172,55.21,0.6,32.58,-20.07,1.04,76.8,1,64,13.97,0,0,0,0,0,0,0,0,0,0,64,GT,ng,31.5839,-102.9633
5173,55.21,0.87,32.58,-19.7,1.04,76.8,1,64,10.21,0,0,0,0,0,0,0,0,0,0,64,GT,ng,31.5839,-102.9633
5174,50.53,0.85,33.09,-18.86,1.04,78,1,65,29.93,0,0,0,0,0,0,0,0,0,0,65,GT,ng,31.5839,-102.9633
5179,61.25,-9.55,36.14,-24.17,1.04,85.2,1,71,31.96,0,0,0,0,0,0,0,0,0,0,71,CT,ng,32.2732,-101.4224
5180,61.25,-11.39,36.14,-20.18,1.04,85.2,1,71,17.65,0,0,0,0,0,0,0,0,0,0,71,CT,ng,32.2732,-101.4224
5181,32.56,-9.38,35.63,-19.86,1.04,84,1,70,10.37,0,0,0,0,0,0,0,0,0,0,70,CA,ng,32.2732,-101.4224
5189,177.7,58.92,104.85,-58.06,1.0546,247.2,1,206,52.1,0,0,0,0,0,0,0,0,0,0,206,CA,ng,31.8403,-102.3264
5190,176.75,58.92,104.29,-51.35,1.0503,245.88,1,204.9,30.96,0,0,0,0,0,0,0,0,0,0,204.9,CA,ng,31.8403,-102.3264
5191,139.75,-0.08,82.46,-42.99,1.04,194.4,1,162,57.97,0,0,0,0,0,0,0,0,0,0,162,CT,ng,31.8403,-102.3264
5192,108.9,-0.04,78.13,-52.05,1.04,184.2,1,153.5,60.24,0,0,0,0,0,0,0,0,0,0,153.5,CT,ng,31.8403,-102.3264
5193,77.76,-0.76,73.96,-42.13,1.04,174.36,1,145.3,31.7,0,0,0,0,0,0,0,0,0,0,145.3,CT,ng,31.8403,-102.3264
5194,110.81,0.01,73.14,-41.36,1.04,172.44,1,143.7,65.26,0,0,0,0,0,0,0,0,0,0,143.7,CT,ng,31.8403,-102.3264
5196,239.81,11.45,94.26,-87.09,1.0401,333.6,1,278,0,0,0,0,0,0,0,0,0,0,0,278,WT,wind,31.2092,-102.2417
5198,71.17,28.61,35.03,-26.94,1.04,99,1,82.5,0,0,0,0,0,0,0,0,0,0,0,82.5,WT,wind,30.9315,-102.2014
5200,67.28,9.4,36.25,-21.09,1.04,93.6,1,78,0,0,0,0,0,0,0,0,0,0,0,78,UN,wind,30.9515,-102.4141
5203,70.74,-1.37,35.97,-21.82,1.04,98.4,1,82,0,0,0,0,0,0,0,0,0,0,0,82,UN,wind,30.9514,-102.4141
5206,144.66,-1.56,78.81,-52.96,1.04,201.24,1,167.7,0,0,0,0,0,0,0,0,0,0,0,167.7,WT,wind,30.9178,-102.0867
5209,84.62,0.74,49.93,-32.75,1.04,117.72,1,98.1,17.48,0,0,0,0,0,0,0,0,0,0,98.1,CA,ng,31.8414,-102.315
5210,84.62,0.99,49.93,-27.26,1.04,117.72,1,98.1,42.36,0,0,0,0,0,0,0,0,0,0,98.1,CA,ng,31.8414,-102.315
5211,60.38,0.43,35.63,-19.22,1.04,84,1,70,21.43,0,0,0,0,0,0,0,0,0,0,70,CT,ng,31.8414,-102.315
5212,32.47,0.53,35.63,-19.49,1.04,84,1,70,10.28,0,0,0,0,0,0,0,0,0,0,70,CT,ng,31.8414,-102.315
5213,32.25,0.96,34.61,-19.54,1.04,81.6,1,68,10.7,0,0,0,0,0,0,0,0,0,0,68,CT,ng,31.8414,-102.315
5214,58.66,0.36,34.61,-17.44,1.04,81.6,1,68,12.21,0,0,0,0,0,0,0,0,0,0,68,CT,ng,31.8414,-102.315
5216,107.14,2.45,61.9,-37.22,1.04,149.04,1,124.2,0,0,0,0,0,0,0,0,0,0,0,124.2,WT,wind,32.0391,-101.22
5218,77.64,-1.42,31.21,-30,1.04,108,1,90,0,0,0,0,0,0,0,0,0,0,0,90,WT,wind,31.9915,-101.3026
5221,103.51,-30.35,45.9,-30.35,1.0268,144,1,120,0,0,0,0,0,0,0,0,0,0,0,120,WT,wind,32.2353,-101.8367
5223,103.51,33.79,42.57,-31.54,1.04,144,1,120,0,0,0,0,0,0,0,0,0,0,0,120,WT,wind,32.2404,-101.4736
5225,129.39,-3.37,73.44,-45.62,1.04,180,1,150,0,0,0,0,0,0,0,0,0,0,0,150,WT,wind,30.8073,-102.3556
5228,105.15,-10.13,52.41,-39.73,1.04,146.28,1,121.9,0,0,0,0,0,0,0,0,0,0,0,121.9,WT,wind,32.1408,-101.3986
5230,122.92,0.67,55,-41.65,1.04,171,1,142.5,0,0,0,0,0,0,0,0,0,0,0,142.5,WT,wind,32.1008,-101.4514
5233,99.63,-8.84,53.5,-33.48,1.04,138.6,1,115.5,0,0,0,0,0,0,0,0,0,0,0,115.5,WT,wind,31.9362,-101.2983
5238,79.79,16.93,38.38,-31.41,1.04,111,1,92.5,0,0,0,0,0,0,0,0,0,0,0,92.5,WT,wind,31.995,-102.8283
5241,125.08,-2.37,45.26,-43.79,1.04,174,1,145,0,0,0,0,0,0,0,0,0,0,0,145,WT,wind,30.7727,-102.5058
5244,129.39,4.91,76.35,-41.43,1.04,180,1,150,61.41,0,0,0,0,0,0,0,0,0,0,150,GT,ng,32.0692,-102.5856
5251,100.06,-2.38,45.23,-30.63,1.04,139.2,1,116,0,0,0,0,0,0,0,0,0,0,0,116,PV,solar,30.9931,-102.2708
5253,182.19,9.7,88.21,-65.8,1.04,253.44,1,211.2,0,0,0,0,0,0,0,0,0,0,0,211.2,WT,wind,32.7,-101.7411
5258,178.74,-12.47,75.76,-69.89,1.04,248.64,1,207.2,0,0,0,0,0,0,0,0,0,0,0,207.2,WT,wind,31.7433,-101.4934
5260,169.68,-6.26,71.75,-55.83,1.0419,236.04,1,196.7,0,0,0,0,0,0,0,0,0,0,0,196.7,UN,wind,31.7272,-101.582
5262,135.86,-34.11,48.84,-44.45,1.04,189,1,157.5,0,0,0,0,0,0,0,0,0,0,0,157.5,PV,solar,30.9602,-103.3067
5264,174.25,-49.43,81.48,-52.43,1.0306,242.4,1,202,0,0,0,0,0,0,0,0,0,0,0,202,UN,solar,30.5756,-102.5513
5267,155.27,-8.12,72.54,-52.98,1.04,216,1,180,0,0,0,0,0,0,0,0,0,0,0,180,UN,solar,31.255,-102.272
5269,86.26,37.61,38.99,-28.38,1.04,120,1,100,0,0,0,0,0,0,0,0,0,0,0,100,PV,solar,32.7157,-101.9265
5271,102.22,11.96,50.21,-29.66,1.04,142.2,1,118.5,0,0,0,0,0,0,0,0,0,0,0,118.5,PV,solar,31.001,-102.2817
5275,129.39,9.59,61.23,-45.48,1.0435,180,1,150,0,0,0,0,0,0,0,0,0,0,0,150,PV,solar,31.2418,-102.2903
5285,157,12.18,77.44,-56.35,1.04,218.4,1,182,0,0,0,0,0,0,0,0,0,0,0,182,UN,solar,30.9956,-102.2235
5290,215.66,13.01,81.55,-74.55,1.04,300,1,250,0,0,0,0,0,0,0,0,0,0,0,250,UN,solar,31.8435,-102.8683
5292,86.26,-21.46,33.66,-33.44,1.04,120,1,100,0,0,0,0,0,0,0,0,0,0,0,100,UN,solar,31.4308,-103.7289
5294,86.26,29.63,35.98,-25.65,1.04,120,1,100,0,0,0,0,0,0,0,0,0,0,0,100,UN,solar,32.4601,-102.6728
5551,740.13,19.16,399.83,-254.56,1.0398,1029.6,1,858,240.88,0,0,0,0,0,0,0,0,0,0,858,ST,coal,31.422,-96.2525
5552,716.84,19.16,387.25,-286.52,1.0391,997.2,1,831,367.01,0,0,0,0,0,0,0,0,0,0,831.0001,ST,coal,31.422,-96.2525
5556,508.95,35.66,274.94,-179.01,1.0445,708,1,590,64.35,0,0,0,0,0,0,0,0,0,0,590,ST,coal,29.9173,-96.7506
5557,508.95,35.66,274.94,-160.09,1.0434,708,1,590,103.59,0,0,0,0,0,0,0,0,0,0,590,ST,coal,29.9173,-96.7506
5563,737.54,91.11,398.43,-229.19,1.049,1026,1,855,136.41,0,0,0,0,0,0,0,0,0,0,855,ST,coal,31.1803,-96.4866
5564,737.54,91.11,398.43,-284.34,1.0502,1026,1,855,393.76,0,0,0,0,0,0,0,0,0,0,855,ST,coal,31.1803,-96.4866
5568,94.89,55.99,55.99,-34.53,1.0528,132,1,110,16.3,0,0,0,0,0,0,0,0,0,0,110,ST,ng,30.7217,-96.4608
5573,131.12,-4.17,70.83,-39.34,1.04,182.4,1,152,50.02,0,0,0,0,0,0,0,0,0,0,152,ST,coal,31.092,-96.695
5574,131.98,-4.28,71.3,-43,1.04,183.6,1,153,44.23,0,0,0,0,0,0,0,0,0,0,153,ST,coal,31.092,-96.695
5576,297.28,69.42,201.06,-130.31,1.0518,474,1,395,172.07,0,0,0,0,0,0,0,0,0,0,395,CA,ng,30.5924,-95.9178
5577,95.26,0.16,78.9,-48.95,1.04,186,1,155,46.13,0,0,0,0,0,0,0,0,0,0,155,CT,ng,30.5924,-95.9178
5578,133.71,0.36,78.9,-54.08,1.04,186,1,155,67.33,0,0,0,0,0,0,0,0,0,0,155,CT,ng,30.5924,-95.9178
5579,88.58,-0.73,78.9,-43.13,1.04,186,1,155,39.45,0,0,0,0,0,0,0,0,0,0,155,CT,ng,30.5924,-95.9178
5582,17.56,2.44,16.49,-8.18,1.04,38.88,1,32.4,7.29,0,0,0,0,0,0,0,0,0,0,32.4,CT,ng,30.6178,-96.3433
5582,9.49,2.44,5.6,-3.16,1.04,13.2,1,11,5.31,0,0,0,0,0,0,0,0,0,0,11,CA,ng,30.6178,-96.3433
5585,7.16,0.54,4.22,-2.89,1.04,9.96,1,8.3,2.61,0,0,0,0,0,0,0,0,0,0,8.3,IC,ng,29.5503,-96.5378
5586,3.68,0.15,4.22,-2.61,1.04,9.96,1,8.3,1.05,0,0,0,0,0,0,0,0,0,0,8.3,IC,ng,29.5503,-96.5378
5586,7.16,0.15,4.22,-2.52,1.04,9.96,1,8.3,3.66,0,0,0,0,0,0,0,0,0,0,8.3,IC,ng,29.5503,-96.5378
5587,7.16,0.06,4.22,-2.29,1.04,9.96,1,8.3,2.67,0,0,0,0,0,0,0,0,0,0,8.3,IC,ng,29.5503,-96.5378
5587,5.2,0.06,4.22,-2.82,1.04,9.96,1,8.3,2.57,0,0,0,0,0,0,0,0,0,0,8.3,IC,ng,29.5503,-96.5378
5789,25.02,-9.75,11.14,-9.75,1.04,34.8,1,29,3.88,0,0,0,0,0,0,0,0,0,0,29,HY,hydro,29.4499,-101.0601
5789,16.52,-9.4,11.14,-9.4,1.04,34.8,1,29,7.33,0,0,0,0,0,0,0,0,0,0,29,HY,hydro,29.4499,-101.0601
5797,131.12,-30.33,57.7,-48.16,1.04,182.4,1,152,0,0,0,0,0,0,0,0,0,0,0,152,WT,wind,32.4302,-100.2357
5801,85.23,-1.27,29.96,-28.04,1.04,118.56,1,98.8,0,0,0,0,0,0,0,0,0,0,0,98.8,WT,wind,32.3473,-100.3703
5804,104.03,-6.04,57.84,-41.35,1.04,144.72,1,120.6,0,0,0,0,0,0,0,0,0,0,0,120.6,WT,wind,32.3116,-100.0616
5806,98.34,-6.39,52.79,-35.34,1.04,136.8,1,114,0,0,0,0,0,0,0,0,0,0,0,114,WT,wind,32.3039,-100.0217
5808,257.92,-92.59,129.27,-92.59,1.0096,358.8,1,299,0,0,0,0,0,0,0,0,0,0,0,299,WT,wind,32.214,-100.0571
5809,192.8,-70.48,106.46,-70.48,1.0202,268.2,1,223.5,0,0,0,0,0,0,0,0,0,0,0,223.5,WT,wind,32.214,-100.0571
5810,183.74,-72.47,72.51,-72.47,1.0201,255.6,1,213,0,0,0,0,0,0,0,0,0,0,0,213,WT,wind,32.214,-100.0571
5812,116.45,-5.55,57.25,-38.53,1.04,162,1,135,0,0,0,0,0,0,0,0,0,0,0,135,WT,wind,32.2909,-100.4219
5815,207.89,-18.68,110.48,-64.89,1.04,289.2,1,241,0,0,0,0,0,0,0,0,0,0,0,241,WT,wind,32.3123,-100.5303
5817,69.44,-15.44,35.28,-23.36,1.04,96.6,1,80.5,0,0,0,0,0,0,0,0,0,0,0,80.5,WT,wind,32.237,-100.4833
5820,172.52,-53.92,83.97,-53.92,1.0261,240,1,200,0,0,0,0,0,0,0,0,0,0,0,200,WT,wind,32.6256,-99.4928
5823,172.52,-6.87,89.48,-65.5,1.04,240,1,200,0,0,0,0,0,0,0,0,0,0,0,200,WT,wind,32.5145,-99.6564
5826,200.56,-10.21,77.33,-73.21,1.04,279,1,232.5,0,0,0,0,0,0,0,0,0,0,0,232.5,WT,wind,32.3182,-100.177
5828,109.12,-10.37,39.89,-38.46,1.04,151.8,1,126.5,0,0,0,0,0,0,0,0,0,0,0,126.5,WT,wind,32.3984,-100.6481
5831,180.29,-17.3,72,-58.68,1.04,250.8,1,209,0,0,0,0,0,0,0,0,0,0,0,209,WT,wind,32.4694,-100.6664
5835,146.82,-52.97,64.76,-52.97,1.0236,204.24,1,170.2,0,0,0,0,0,0,0,0,0,0,0,170.2,WT,wind,32.2878,-100.1
5837,87.3,-14.79,43.05,-28.64,1.04,121.44,1,101.2,0,0,0,0,0,0,0,0,0,0,0,101.2,WT,wind,32.4082,-100.1286
5842,69.01,-20.29,35.77,-20.29,1.04,96,1,80,0,0,0,0,0,0,0,0,0,0,0,80,WT,wind,31.952,-100.7914
5843,60.04,-14.36,29.98,-20.76,1.04,83.52,1,69.6,0,0,0,0,0,0,0,0,0,0,0,69.6,WT,wind,31.952,-100.7914
5845,185.03,-20.73,82.54,-62.16,1.04,257.4,1,214.5,0,0,0,0,0,0,0,0,0,0,0,214.5,WT,wind,31.952,-101.0189
5846,160.45,-28.88,84.21,-56.39,1.04,223.2,1,186,0,0,0,0,0,0,0,0,0,0,0,186,WT,wind,31.952,-101.0189
5847,128.96,-13.17,67.08,-48.3,1.04,179.4,1,149.5,0,0,0,0,0,0,0,0,0,0,0,149.5,WT,wind,31.952,-101.0189
5848,97.05,-12.05,42.41,-35.38,1.04,135,1,112.5,0,0,0,0,0,0,0,0,0,0,0,112.5,WT,wind,31.952,-101.0189
5853,146.21,-9.31,53.22,-48.37,1.04,203.4,1,169.5,0,0,0,0,0,0,0,0,0,0,0,169.5,WT,wind,32.1982,-100.2686
5856,103.51,-10.14,52.6,-35.55,1.04,144,1,120,0,0,0,0,0,0,0,0,0,0,0,120,WT,wind,32.7181,-100.7933
5859,140,-2.51,70.77,-54.69,1.04,194.76,1,162.3,0,0,0,0,0,0,0,0,0,0,0,162.3,WT,wind,32.7684,-99.4228
5862,172.09,-57.09,60.91,-57.09,1.0271,239.4,1,199.5,0,0,0,0,0,0,0,0,0,0,0,199.5,WT,wind,31.9925,-101.1167
5865,6.22,-2.56,3.08,-2.56,1.04,11.88,1,9.9,3.08,0,0,0,0,0,0,0,0,0,0,9.9,UN,other,32.5886,-100.6728
5865,214.79,-25.4,99.91,-64.54,1.04,298.8,1,249,0,0,0,0,0,0,0,0,0,0,0,249,WT,wind,32.5886,-100.6728
5867,4.62,-2.63,4.11,-2.63,1.04,11.88,1,9.9,1.48,0,0,0,0,0,0,0,0,0,0,9.9,UN,other,32.4969,-100.5797
5867,169.94,-3.05,70.03,-51.05,1.04,236.4,1,197,0,0,0,0,0,0,0,0,0,0,0,197,WT,wind,32.4969,-100.5797
5869,129.39,-14.56,57.18,-49.98,1.04,180,1,150,0,0,0,0,0,0,0,0,0,0,0,150,WT,wind,31.0855,-100.6788
5871,64.7,-10.49,33.44,-26.15,1.04,90,1,75,0,0,0,0,0,0,0,0,0,0,0,75,WT,wind,32.4376,-100.7444
5872,64.7,-9.63,36.3,-22.59,1.04,90,1,75,0,0,0,0,0,0,0,0,0,0,0,75,WT,wind,32.4376,-100.7444
5875,86.26,-0.11,42.11,-32.13,1.04,120,1,100,0,0,0,0,0,0,0,0,0,0,0,100,PV,solar,33.04,-99.5525
5877,128.79,-46.52,60.31,-46.52,1.0461,179.16,1,149.3,0,0,0,0,0,0,0,0,0,0,0,149.3,WT,wind,29.7276,-100.7943
5879,198.4,-12.74,100.94,-62.13,1.0328,276,1,230,0,0,0,0,0,0,0,0,0,0,0,230,WT,wind,33.3501,-99.54
5881,138.02,-14.81,64.94,-48.11,1.04,192,1,160,0,0,0,0,0,0,0,0,0,0,0,160,UN,wind,31.3603,-99.5514
5886,215.66,-66.94,119.45,-66.94,1.0194,300,1,250,0,0,0,0,0,0,0,0,0,0,0,250,WT,wind,33.3454,-99.6243
5889,258.79,-69.58,139.87,-88.8,1.025,360,1,300,0,0,0,0,0,0,0,0,0,0,0,300,WT,wind,31.1814,-101.3188
5892,129.39,-27.56,62.19,-41.76,1.04,180,1,150,0,0,0,0,0,0,0,0,0,0,0,150,UN,wind,31.1125,-100.0281
5897,172.09,-62.03,63.73,-62.03,1.036,239.4,1,199.5,0,0,0,0,0,0,0,0,0,0,0,199.5,UN,wind,31.0486,-100.6231
5902,260.86,-84.1,125,-84.1,1.0135,362.88,1,302.4,0,0,0,0,0,0,0,0,0,0,0,302.4,UN,wind,31.2081,-101.1108
5905,258.79,-77.22,133.93,-77.22,1.0239,360,1,300,0,0,0,0,0,0,0,0,0,0,0,300,UN,wind,30.595,-101.453
6244,379.17,-13.18,255.52,-170.18,1.0357,602.4,1,502,149.55,0,0,0,0,0,0,0,0,0,0,502,ST,ng,31.9399,-94.9898
6245,144.06,-1.02,85,-42.27,1.04,200.4,1,167,59.76,0,0,0,0,0,0,0,0,0,0,167,ST,ng,31.9399,-94.9898
6251,151.21,-2.35,119.61,-65.48,1.04,282,1,235,76.72,0,0,0,0,0,0,0,0,0,0,235,ST,ng,32.1246,-96.1013
6255,690.1,69.28,372.8,-207.1,1.0452,960,1,800,386.3,0,0,0,0,0,0,0,0,0,0,800,ST,coal,32.2606,-94.5706
6256,694.41,69.28,375.13,-204.88,1.0457,966,1,805,132.07,0,0,0,0,0,0,0,0,0,0,805,ST,coal,32.2606,-94.5706
6257,694.41,69.28,375.13,-257.33,1.0411,966,1,805,353.64,0,0,0,0,0,0,0,0,0,0,805,ST,coal,32.2606,-94.5706
6260,126.81,1.1,74.82,-38.38,1.04,176.4,1,147,19.66,0,0,0,0,0,0,0,0,0,0,147,CT,ng,32.0178,-94.6197
6261,111.53,1.06,75.84,-41.76,1.04,178.8,1,149,43.12,0,0,0,0,0,0,0,0,0,0,149,CT,ng,32.0178,-94.6197
6262,126.81,0.67,74.82,-46.65,1.04,176.4,1,147,23.87,0,0,0,0,0,0,0,0,0,0,147,CT,ng,32.0178,-94.6197
6264,152.68,0.08,90.09,-52.33,1.0406,212.4,1,177,67.63,0,0,0,0,0,0,0,0,0,0,177,CA,ng,31.8908,-96.1131
6265,78.45,0.08,87.55,-44.62,1.0411,206.4,1,172,23.93,0,0,0,0,0,0,0,0,0,0,172,CA,ng,31.8908,-96.1131
6266,104.15,0.08,77.88,-43.98,1.0412,183.6,1,153,55.65,0,0,0,0,0,0,0,0,0,0,153,CT,ng,31.8908,-96.1131
6267,82.92,-6.18,77.88,-40.14,1.04,183.6,1,153,34.42,0,0,0,0,0,0,0,0,0,0,153,CT,ng,31.8908,-96.1131
6268,128.53,-4.85,75.84,-43.54,1.04,178.8,1,149,42.74,0,0,0,0,0,0,0,0,0,0,149,CT,ng,31.8908,-96.1131
6269,91.58,0.08,75.84,-41.83,1.0412,178.8,1,149,44.35,0,0,0,0,0,0,0,0,0,0,149,CT,ng,31.8908,-96.1131
6271,69.19,0.38,43.89,-27.97,1.04,120,1,100,37.49,0,0,0,0,0,0,0,0,0,0,100,ST,wood,31.8321,-94.9006
6273,8.63,-3.18,3.33,-3.18,1.04,12,1,10,0,0,0,0,0,0,0,0,0,0,0,10,UN,solar,33.633,-95.3907
6481,179.54,-2.02,132.34,-87.91,1.0362,312,1,260,97.12,0,0,0,0,0,0,0,0,0,0,260,CS,ng,32.4302,-97.0537
6482,169.52,21.31,132.34,-80,1.04,312,1,260,87.1,0,0,0,0,0,0,0,0,0,0,260,CS,ng,32.4302,-97.0537
6483,224.28,-2.02,132.34,-80.78,1.0354,312,1,260,32.94,0,0,0,0,0,0,0,0,0,0,260,CS,ng,32.4302,-97.0537
6484,223.42,-2.02,131.83,-73.95,1.0358,310.8,1,259,42.47,0,0,0,0,0,0,0,0,0,0,259,CS,ng,32.4302,-97.0537
6485,226.18,-2.02,142.01,-97.57,1.0359,334.8,1,279,137.74,0,0,0,0,0,0,0,0,0,0,279,CS,ng,32.4302,-97.0537
6486,124.61,-2.02,144.56,-84.31,1.0365,340.8,1,284,34.59,0,0,0,0,0,0,0,0,0,0,284,CS,ng,32.4302,-97.0537
6699,256.14,9.91,164.41,-83.08,1.0396,387.6,1,323,40.93,0,0,0,0,0,0,0,0,0,0,323,CA,ng,29.5931,-97.9732
6700,79.35,6.08,83.99,-53.1,1.04,198,1,165,27.05,0,0,0,0,0,0,0,0,0,0,165,CT,ng,29.5931,-97.9732
6701,132.84,9.91,78.39,-46.72,1.0404,184.8,1,154,76.03,0,0,0,0,0,0,0,0,0,0,154,CT,ng,29.5931,-97.9732
6702,132.84,7.75,78.39,-47.38,1.04,184.8,1,154,18.76,0,0,0,0,0,0,0,0,0,0,154,CT,ng,29.5931,-97.9732
6704,138.74,35.61,106.89,-64.53,1.04,252,1,210,72.17,0,0,0,0,0,0,0,0,0,0,210,CS,ng,29.7807,-97.9894
6706,181.15,35.61,106.89,-72.95,1.0427,252,1,210,53.11,0,0,0,0,0,0,0,0,0,0,210,CS,ng,29.7807,-97.9894
6707,98.76,35.61,107.4,-66.46,1.0458,253.2,1,211,31.88,0,0,0,0,0,0,0,0,0,0,211,CS,ng,29.7807,-97.9894
6709,132.95,14.48,100.27,-54.91,1.04,236.4,1,197,70.5,0,0,0,0,0,0,0,0,0,0,197,CA,ng,29.6244,-98.1419
6710,169.94,32.11,100.27,-59.84,1.04,236.4,1,197,77.32,0,0,0,0,0,0,0,0,0,0,197,CA,ng,29.6244,-98.1419
6711,127.67,12.43,75.33,-46.93,1.0404,177.6,1,148,32.29,0,0,0,0,0,0,0,0,0,0,148,CT,ng,29.6244,-98.1419
6712,114.12,12.43,75.33,-50.2,1.0408,177.6,1,148,67.21,0,0,0,0,0,0,0,0,0,0,148,CT,ng,29.6244,-98.1419
6713,127.67,12.43,75.33,-51.45,1.0403,177.6,1,148,39.46,0,0,0,0,0,0,0,0,0,0,148,CT,ng,29.6244,-98.1419
6714,66.92,11.84,75.33,-50.71,1.04,177.6,1,148,20.01,0,0,0,0,0,0,0,0,0,0,148,CT,ng,29.6244,-98.1419