Delivery Date,Hour Ending,Repeated Hour Flag,REGDN,REGUP ,RRS,NSPIN
01/01/2022,01:00,N,6,5.65,5.65,1
01/01/2022,02:00,N,5,4.25,3.85,1.05
01/01/2022,03:00,N,5,4.25,2.65,1.1
01/01/2022,04:00,N,6.65,5.15,2.65,1
01/01/2022,05:00,N,8,7.6,3.75,1
01/01/2022,06:00,N,10,20.2,7.5,1
01/01/2022,07:00,N,11,65.5,7.5,2.2
01/01/2022,08:00,N,11,11.7,7.5,2.42
01/01/2022,09:00,N,43,10.15,7.5,2.28
01/01/2022,10:00,N,43,11.7,7.5,2.28
01/01/2022,11:00,N,27.69,10.15,7.5,2
01/01/2022,12:00,N,12,11,7.5,2.1
01/01/2022,13:00,N,12.11,8,7.5,2.1
01/01/2022,14:00,N,12,7.9,7.5,2.2
01/01/2022,15:00,N,12,8.1,7.5,2.95
01/01/2022,16:00,N,10.35,10.35,7.5,3
01/01/2022,17:00,N,10.65,11.15,9.15,4.02
01/01/2022,18:00,N,15,30.35,20.15,4.45
01/01/2022,19:00,N,9.15,10.15,10.15,2.7
01/01/2022,20:00,N,7.93,4,6.63,3
01/01/2022,21:00,N,6.45,4.25,3.95,2.7
01/01/2022,22:00,N,6,3.95,3.75,2.28
01/01/2022,23:00,N,5.56,3,2.65,1.58
01/01/2022,24:00,N,5,3.02,2.65,1.35
01/02/2022,01:00,N,3.5,3.21,3.12,1.05
01/02/2022,02:00,N,3.5,3.14,3,1
01/02/2022,03:00,N,3.01,2.87,2.47,1
01/02/2022,04:00,N,2.25,2.71,2.15,1
01/02/2022,05:00,N,1.5,3.5,2.82,1
01/02/2022,06:00,N,5,5.5,5,1
01/02/2022,07:00,N,4.02,11.61,8.86,2.1
01/02/2022,08:00,N,2.74,12.89,12.5,2.35
01/02/2022,09:00,N,8,12.5,12.5,2.95
01/02/2022,10:00,N,8,11.59,11.49,2.42
01/02/2022,11:00,N,8,11.35,11.35,2
01/02/2022,12:00,N,5,9.82,9.72,2
01/02/2022,13:00,N,4.91,6.41,6.31,2.8
01/02/2022,14:00,N,3.5,4.6,4.5,2.8
01/02/2022,15:00,N,4.39,4.89,4.5,4.42
01/02/2022,16:00,N,3.5,7.98,4.5,5.33
01/02/2022,17:00,N,1.93,10.97,7.97,9.97
01/02/2022,18:00,N,5.37,62.95,55.42,59.73
01/02/2022,19:00,N,5.06,60.15,60.15,61.79
01/02/2022,20:00,N,4.19,31.2,35.2,39.99
01/02/2022,21:00,N,3.63,28.15,28.58,33.37
01/02/2022,22:00,N,5,15.27,16.47,18.3
01/02/2022,23:00,N,4.04,5.04,5.04,4.99
01/02/2022,24:00,N,4.19,5.19,5.19,3.14
01/03/2022,01:00,N,1.36,3.15,3.18,1.85
01/03/2022,02:00,N,0.01,3.15,3.11,1.55
01/03/2022,03:00,N,0.01,3.15,2.79,1.7
01/03/2022,04:00,N,0.01,3.11,2.2,1.7
01/03/2022,05:00,N,0.01,4.22,3.72,1.7
01/03/2022,06:00,N,3.5,10.39,10,9.19
01/03/2022,07:00,N,6.93,83.5,67.44,86.15
01/03/2022,08:00,N,3.69,78.32,74.15,91.39
01/03/2022,09:00,N,5,22.07,21.67,26.82
01/03/2022,10:00,N,7.11,11,10,11.21
01/03/2022,11:00,N,5,6.01,5.01,5
01/03/2022,12:00,N,5,5.71,4.31,2.8
01/03/2022,13:00,N,6.36,4.86,4.5,2
01/03/2022,14:00,N,5,4.15,4.21,2
01/03/2022,15:00,N,5,4.81,4.15,2.5
01/03/2022,16:00,N,5.21,5.74,4.21,2.5
01/03/2022,17:00,N,5,7.51,5.95,3.95
01/03/2022,18:00,N,4.05,28.97,22.72,18.95
01/03/2022,19:00,N,5,7.5,9.5,4.45
01/03/2022,20:00,N,3.5,4,6.5,3.45
01/03/2022,21:00,N,5,4.25,6.39,2.7
01/03/2022,22:00,N,5,4.25,5,2.1
01/03/2022,23:00,N,5,3.63,3.73,1
01/03/2022,24:00,N,5,3,3,1.1
01/04/2022,01:00,N,5,2.17,1.67,0.99
01/04/2022,02:00,N,5,2.14,1.74,0.99
01/04/2022,03:00,N,5,2.14,1.74,0.99
01/04/2022,04:00,N,4.74,2.14,1.74,1
01/04/2022,05:00,N,4.25,4.25,2.25,0.99
01/04/2022,06:00,N,7.93,8.93,3.93,1
01/04/2022,07:00,N,12,19.29,17.29,5.35
01/04/2022,08:00,N,10.01,15.01,15.01,5.56
01/04/2022,09:00,N,13.5,12.15,9.65,2.8
01/04/2022,10:00,N,10,5.65,3.65,1.7
01/04/2022,11:00,N,8,6.15,3.65,1.35
01/04/2022,12:00,N,20,9.75,3.56,1.35
01/04/2022,13:00,N,18.01,5.15,3.15,1.35
01/04/2022,14:00,N,15,5.15,2.21,1.35
01/04/2022,15:00,N,21.37,6.8,2.21,2.2
01/04/2022,16:00,N,7.51,6.51,2.21,2.2
01/04/2022,17:00,N,5,5.04,4.24,3.6
01/04/2022,18:00,N,8,25.4,19.15,5.35
01/04/2022,19:00,N,7.15,7.15,7.15,3.95
01/04/2022,20:00,N,5.2,4,4.7,3.35
01/04/2022,21:00,N,6,4,3.9,2.37
01/04/2022,22:00,N,5,2.15,2.15,1.42
01/04/2022,23:00,N,5,2.1,2,1.02
01/04/2022,24:00,N,5,2.11,2.01,1
01/05/2022,01:00,N,5,3.5,2.5,0.97
01/05/2022,02:00,N,4,2.5,2,0.97
01/05/2022,03:00,N,4.1,2.6,2,0.98
01/05/2022,04:00,N,3.85,3.85,2.01,0.99
01/05/2022,05:00,N,5,5,3.21,0.98
01/05/2022,06:00,N,8,9,5,0.99
01/05/2022,07:00,N,12,15.21,13.21,1.95
01/05/2022,08:00,N,9.22,11.42,11.32,2.4
01/05/2022,09:00,N,13.5,7.38,7.28,1.7
01/05/2022,10:00,N,12.11,7,6.2,1.7
01/05/2022,11:00,N,10,7,6.45,1.2
01/05/2022,12:00,N,6.93,6.93,6.33,1.2
01/05/2022,13:00,N,8,4.5,3.5,1.42
01/05/2022,14:00,N,6.75,4.05,3.25,1.42
01/05/2022,15:00,N,7.11,3.95,3.15,2.6
01/05/2022,16:00,N,5,5,3.15,2.7
01/05/2022,17:00,N,3.5,8,4.5,3.7
01/05/2022,18:00,N,3.5,41.42,36.82,21.65
01/05/2022,19:00,N,5,21.83,22.6,5
01/05/2022,20:00,N,3.3,4,6.8,2.7
01/05/2022,21:00,N,4,4,3.9,1.42
01/05/2022,22:00,N,3.5,2.23,2.24,1.25
01/05/2022,23:00,N,5,3.45,3.35,1
01/05/2022,24:00,N,4.65,2.28,2.15,1
01/06/2022,01:00,N,4,4,3.4,0.96
01/06/2022,02:00,N,3.5,2.47,1.87,0.96
01/06/2022,03:00,N,3.5,2.8,2,0.97
01/06/2022,04:00,N,3.5,3.5,2,0.98
01/06/2022,05:00,N,4.04,5,2.15,0.97
01/06/2022,06:00,N,5,5,3.75,0.98
01/06/2022,07:00,N,6.6,9,6.5,2.4
01/06/2022,08:00,N,7.01,7.01,6.5,2.4
01/06/2022,09:00,N,13.5,4.86,4.67,2.4
01/06/2022,10:00,N,8,4.5,2,1.95
01/06/2022,11:00,N,8,4.2,2,1.22
01/06/2022,12:00,N,8,5,2,1.25
01/06/2022,13:00,N,9,3.61,2,1.62
01/06/2022,14:00,N,8,5.11,4.11,1.36
01/06/2022,15:00,N,8,4.03,3.23,2.6
01/06/2022,16:00,N,5.65,5.65,3.15,2.7
01/06/2022,17:00,N,2,5.51,4.31,4.22
01/06/2022,18:00,N,2.21,49.67,42.15,24.77
01/06/2022,19:00,N,1.7,29.14,30.13,10
01/06/2022,20:00,N,1.2,12.87,16.87,4.45
01/06/2022,21:00,N,1.12,13.35,13.34,4.42
01/06/2022,22:00,N,3.5,4.25,5,1.42
01/06/2022,23:00,N,3.68,3.68,3.75,1
01/06/2022,24:00,N,4,4.1,4,1
01/07/2022,01:00,N,2,2.76,3.14,0.95
01/07/2022,02:00,N,0.27,2.01,2.15,0.95
01/07/2022,03:00,N,0.14,2.95,3,0.96
01/07/2022,04:00,N,0.09,3,3,0.97
01/07/2022,05:00,N,0.17,3.84,3.75,0.96
01/07/2022,06:00,N,0.92,8.61,8.11,1
01/07/2022,07:00,N,3.15,49.38,41.58,20.95
01/07/2022,08:00,N,1.52,21.45,21.35,14.95
01/07/2022,09:00,N,7.11,10.15,9.99,5.42
01/07/2022,10:00,N,6.6,6.91,6.5,1.45
01/07/2022,11:00,N,5,4.6,4.5,1.22
01/07/2022,12:00,N,8,7,6.5,1.2
01/07/2022,13:00,N,12,6,3.41,1.42
01/07/2022,14:00,N,12,6,4.71,1.39
01/07/2022,15:00,N,11.01,6.95,4.01,2.45
01/07/2022,16:00,N,10.4,8.4,4.01,2.45
01/07/2022,17:00,N,7.5,9.5,6.5,4.2
01/07/2022,18:00,N,17.81,40,30,8
01/07/2022,19:00,N,15,16,16.39,3.01
01/07/2022,20:00,N,10.1,6,10,2.95
01/07/2022,21:00,N,12,7.6,11.6,2.2
01/07/2022,22:00,N,7.01,7.01,7.01,1.55
01/07/2022,23:00,N,10,6.03,10,1
01/07/2022,24:00,N,6.5,6.4,6.4,1
01/08/2022,01:00,N,5,6.15,6.15,0.99
01/08/2022,02:00,N,5,5.15,5.43,0.99
01/08/2022,03:00,N,5,5,4.9,1
01/08/2022,04:00,N,5,5.1,4.69,1
01/08/2022,05:00,N,6.25,6.17,6.15,1
01/08/2022,06:00,N,8.44,9.94,9.74,1
01/08/2022,07:00,N,8,14.87,10.5,2.45
01/08/2022,08:00,N,8,10,9.9,4.02
01/08/2022,09:00,N,11.65,10.15,9.15,3.5
01/08/2022,10:00,N,12.7,10.2,9.15,1.95
01/08/2022,11:00,N,8,7.75,7.15,1.42
01/08/2022,12:00,N,8,8,7.15,1.53
01/08/2022,13:00,N,8.15,7.15,5.15,1.95
01/08/2022,14:00,N,8,6.41,5.15,1.95
01/08/2022,15:00,N,9.14,6.98,5.15,4.1
01/08/2022,16:00,N,8.81,8,6.31,5
01/08/2022,17:00,N,8,12.6,6.5,4.5
01/08/2022,18:00,N,13.01,32.81,29.84,10.38
01/08/2022,19:00,N,15,19.84,19.84,3.95
01/08/2022,20:00,N,7,6,6.89,2.97
01/08/2022,21:00,N,7.01,4.25,4.25,2.2
01/08/2022,22:00,N,6.5,5.09,4.99,1.62
01/08/2022,23:00,N,8,7,7.5,1
01/08/2022,24:00,N,6.5,5.53,5.33,1.05
01/09/2022,01:00,N,4.61,5.01,4.51,1
01/09/2022,02:00,N,4,4.25,3.9,0.99
01/09/2022,03:00,N,4,4.25,3.75,1
01/09/2022,04:00,N,5.15,5.15,4.55,1
01/09/2022,05:00,N,6.25,6.25,6.15,1
01/09/2022,06:00,N,8.1,8.25,8,1
01/09/2022,07:00,N,8.01,17.85,10,1.95
01/09/2022,08:00,N,8,8.6,8.5,2.2
01/09/2022,09:00,N,8.21,7.7,7.15,1.95
01/09/2022,10:00,N,9.5,7.3,6.5,1.62
01/09/2022,11:00,N,8.01,7.2,6.5,1.25
01/09/2022,12:00,N,8,7.59,6.79,1.25
01/09/2022,13:00,N,8.15,6.26,5.15,1.45
01/09/2022,14:00,N,8,6.03,5.15,1.61
01/09/2022,15:00,N,8.15,6,5.15,5
01/09/2022,16:00,N,8,9.5,6.5,5
01/09/2022,17:00,N,7.5,12,6.5,4.62
01/09/2022,18:00,N,8.15,24.06,21.15,9.95
01/09/2022,19:00,N,12,19.08,19.08,5.2
01/09/2022,20:00,N,8.68,6.68,11.68,4.02
01/09/2022,21:00,N,12,7.3,12,3
01/09/2022,22:00,N,7.3,7.3,7.2,1.69
01/09/2022,23:00,N,4.37,3.97,3.87,1.02
01/09/2022,24:00,N,4,4.25,3.75,1.05
01/10/2022,01:00,N,4,4,3.9,0.99
01/10/2022,02:00,N,2.93,2.93,2.83,0.98
01/10/2022,03:00,N,3.5,3.88,3.5,0.99
01/10/2022,04:00,N,3.5,4.23,3.75,0.99
01/10/2022,05:00,N,3.5,4.16,3.75,0.99
01/10/2022,06:00,N,2,7.57,7.43,1
01/10/2022,07:00,N,1.1,28.85,28.35,8.95
01/10/2022,08:00,N,1.01,20.85,20.85,14.95
01/10/2022,09:00,N,7,10.15,10.05,5.2
01/10/2022,10:00,N,5,5.7,5.48,1.95
01/10/2022,11:00,N,5,4.27,4.17,1.22
01/10/2022,12:00,N,3.5,3.38,3,1.25
01/10/2022,13:00,N,2.4,2.4,1.84,1.43
01/10/2022,14:00,N,2,1.8,1.3,1.45
01/10/2022,15:00,N,2,2,1.38,4.42
01/10/2022,16:00,N,2,1.97,1.37,4.22
01/10/2022,17:00,N,0.42,5.3,4.5,4.42
01/10/2022,18:00,N,3.65,49.49,41.15,24.18
01/10/2022,19:00,N,1.94,35.25,35.15,18.95
01/10/2022,20:00,N,1.31,8,9.18,10
01/10/2022,21:00,N,3.5,7.79,7.79,3
01/10/2022,22:00,N,4,4.74,4.64,1.8
01/10/2022,23:00,N,4,4.1,4,1.02
01/10/2022,24:00,N,4,4.04,3.9,1
01/11/2022,01:00,N,4,5.15,5.15,0.98
01/11/2022,02:00,N,2,3.01,2.96,0.97
01/11/2022,03:00,N,2,2.65,2.55,0.98
01/11/2022,04:00,N,1.5,2.86,2.45,0.98
01/11/2022,05:00,N,2.65,4.15,3.75,0.98
01/11/2022,06:00,N,4,8.48,8.39,0.99
01/11/2022,07:00,N,3.04,32.85,28.48,14.95
01/11/2022,08:00,N,2.15,27.3,28.5,14.95
01/11/2022,09:00,N,8,11.25,11.15,10
01/11/2022,10:00,N,8,9.3,9.15,2.2
01/11/2022,11:00,N,6.79,6.79,6.69,1.05
01/11/2022,12:00,N,6.4,6,5.9,1.25
01/11/2022,13:00,N,7.26,4.09,3.71,1.32
01/11/2022,14:00,N,7,3.55,3.15,1.25
01/11/2022,15:00,N,6.15,3.58,3.15,4.02
01/11/2022,16:00,N,5,4.1,3.5,3.67
01/11/2022,17:00,N,2.9,4.9,4.5,4.2
01/11/2022,18:00,N,2.74,46.55,39.67,10
01/11/2022,19:00,N,3.5,23.12,23.13,9.95
01/11/2022,20:00,N,4.89,6,8.39,2.7
01/11/2022,21:00,N,8.27,9.55,9.77,1.2
01/11/2022,22:00,N,5,5.95,5.85,1.22
01/11/2022,23:00,N,4.72,4.72,4.72,1
01/11/2022,24:00,N,4.24,4.25,4.14,1
01/12/2022,01:00,N,4,3.95,3.75,0.96
01/12/2022,02:00,N,3,3,2.86,0.96
01/12/2022,03:00,N,3.5,3.5,3.1,0.97
01/12/2022,04:00,N,3.6,4,3.5,0.97
01/12/2022,05:00,N,4,4.87,4.37,0.97
01/12/2022,06:00,N,4,8.12,7.71,0.98
01/12/2022,07:00,N,2.46,33.73,32.57,11.85
01/12/2022,08:00,N,1.84,26.9,28.5,13.68
01/12/2022,09:00,N,13.5,10.15,14.4,5.59
01/12/2022,10:00,N,11.27,7.9,8.27,1.85
01/12/2022,11:00,N,12,7.13,7.15,1.85
01/12/2022,12:00,N,8,5.47,5.15,1.1
01/12/2022,13:00,N,4,3.84,3.5,1.25
01/12/2022,14:00,N,5.58,3.49,3.15,1.4
01/12/2022,15:00,N,6.15,3.55,3.15,4.02
01/12/2022,16:00,N,5,4.2,3.73,4.22
01/12/2022,17:00,N,0.73,6,5.61,4.22
01/12/2022,18:00,N,2.26,51.15,41.15,22.24
01/12/2022,19:00,N,1.36,35.25,35.15,14.59
01/12/2022,20:00,N,1,12.04,17.04,5.2
01/12/2022,21:00,N,1.56,16.08,16.78,5.5
01/12/2022,22:00,N,4,8.36,8.66,1.45
01/12/2022,23:00,N,4,3.81,4.11,1
01/12/2022,24:00,N,4,4.25,4.02,1
01/13/2022,01:00,N,3.01,3.61,3.48,0.95
01/13/2022,02:00,N,1,2.11,2.01,0.95
01/13/2022,03:00,N,1,2.55,2.15,0.96
01/13/2022,04:00,N,1,2.4,2,0.96
01/13/2022,05:00,N,0.05,3.61,3.02,0.96
01/13/2022,06:00,N,6.31,9.08,8.98,1
01/13/2022,07:00,N,1.42,30.85,30.16,6.96
01/13/2022,08:00,N,0.91,27.3,28.5,8.95
01/13/2022,09:00,N,11.25,10.78,11.15,3.04
01/13/2022,10:00,N,6.6,6.6,6.5,2.1
01/13/2022,11:00,N,4.1,4.2,4,1.25
01/13/2022,12:00,N,3.72,3.72,3.5,1.25
01/13/2022,13:00,N,3.5,2.7,2.5,1.6
01/13/2022,14:00,N,2.72,1.79,1.72,1.6
01/13/2022,15:00,N,3.41,1.91,1.82,3.14
01/13/2022,16:00,N,2,2,1.71,3.14
01/13/2022,17:00,N,0.05,4.4,3.99,4.3
01/13/2022,18:00,N,2.36,42.5,35.2,20
01/13/2022,19:00,N,1.07,31.15,31.15,10
01/13/2022,20:00,N,1.01,4.35,9.35,3.85
01/13/2022,21:00,N,5,8.92,9.41,3.14
01/13/2022,22:00,N,4,4.71,4.71,1.7
01/13/2022,23:00,N,4.88,4.65,4.88,1.1
01/13/2022,24:00,N,4.35,4.25,4.25,1.05
01/14/2022,01:00,N,4,4,3.9,0.94
01/14/2022,02:00,N,3.5,3.5,3.4,0.94
01/14/2022,03:00,N,2.5,2.5,2.15,0.95
01/14/2022,04:00,N,2.5,2.5,2.01,0.95
01/14/2022,05:00,N,3.11,3.36,3.01,0.95
01/14/2022,06:00,N,7.01,7.85,7.75,1
01/14/2022,07:00,N,9.01,24.11,24.01,3.14
01/14/2022,08:00,N,8.4,12.4,12.5,4.33
01/14/2022,09:00,N,8.6,8.6,8.4,2.75
01/14/2022,10:00,N,8.41,8.31,7.91,2.55
01/14/2022,11:00,N,7.65,7.42,7.15,1.42
01/14/2022,12:00,N,8,7.5,6.5,1.35
01/14/2022,13:00,N,8,7.11,6.5,1.62
01/14/2022,14:00,N,7.4,6.4,6,1.6
01/14/2022,15:00,N,8,6.64,6,3.01
01/14/2022,16:00,N,7.37,7.37,6.75,3.14
01/14/2022,17:00,N,9.1,10.77,9,4.3
01/14/2022,18:00,N,8.18,33.19,32.79,18
01/14/2022,19:00,N,10.03,10.53,10.53,3.35
01/14/2022,20:00,N,6.6,6,6.5,3
01/14/2022,21:00,N,11.05,5.95,10.95,2.35
01/14/2022,22:00,N,6.1,6,6,1.45
01/14/2022,23:00,N,6.5,5.44,6,1
01/14/2022,24:00,N,6.1,6,6,1
01/15/2022,01:00,N,4.25,4.25,4.15,0.96
01/15/2022,02:00,N,4,4.25,4.15,0.96
01/15/2022,03:00,N,4,4.25,4.15,0.97
01/15/2022,04:00,N,5.5,5.5,4.9,0.97
01/15/2022,05:00,N,6.41,6.01,5.91,0.97
01/15/2022,06:00,N,10.7,10.7,10.1,1
01/15/2022,07:00,N,12,17.37,16.57,2.85
01/15/2022,08:00,N,10.95,10.85,10.85,3.01
01/15/2022,09:00,N,10.85,10.85,10,2.85
01/15/2022,10:00,N,10,10,9,2.64
01/15/2022,11:00,N,9.5,7.73,7.15,1.7
01/15/2022,12:00,N,7.73,7.73,6.5,1.7
01/15/2022,13:00,N,8,7,5.15,2.2
01/15/2022,14:00,N,8,6.15,4.01,2.2
01/15/2022,15:00,N,8.83,6.83,5.15,3.14
01/15/2022,16:00,N,8,8,6.37,3.14
01/15/2022,17:00,N,8.18,8.18,4.01,4.4
01/15/2022,18:00,N,3.5,19.79,16.88,12.51
01/15/2022,19:00,N,5,9.55,9.6,4.62
01/15/2022,20:00,N,5,3.14,6.5,3.14
01/15/2022,21:00,N,5,4.25,5,3.14
01/15/2022,22:00,N,4,5,5,3.08
01/15/2022,23:00,N,4,4.5,4.5,1.35
01/15/2022,24:00,N,4,4.56,4.46,1.35
01/16/2022,01:00,N,3.75,3.75,3.75,0.96
01/16/2022,02:00,N,2.5,3.09,3.2,0.96
01/16/2022,03:00,N,2.5,3.5,3.5,1
01/16/2022,04:00,N,0.47,3.61,3.61,1
01/16/2022,05:00,N,0.27,4.25,4.15,0.97
01/16/2022,06:00,N,0.44,7.23,7.13,1.05
01/16/2022,07:00,N,0.01,37.1,28.85,22.79
01/16/2022,08:00,N,0.11,28.25,28.15,25.17
01/16/2022,09:00,N,6.53,16.33,16.23,13.7
01/16/2022,10:00,N,6.02,8.12,8.02,4.42
01/16/2022,11:00,N,4,5.83,5.73,1.45
01/16/2022,12:00,N,2.6,2.5,2.5,1.95
01/16/2022,13:00,N,1.4,1.3,1.3,2.2
01/16/2022,14:00,N,2.43,1.23,1,2.2
01/16/2022,15:00,N,2,1.48,1,4.02
01/16/2022,16:00,N,2.49,1.59,1,4.02
01/16/2022,17:00,N,0.6,3.6,2.97,4.02
01/16/2022,18:00,N,1.02,35,26.32,27.7
01/16/2022,19:00,N,1,22.72,22.72,15.52
01/16/2022,20:00,N,0.9,7.33,12.33,7.65
01/16/2022,21:00,N,1.02,5.49,6.13,5.49
01/16/2022,22:00,N,2.5,3.88,4.11,2.11
01/16/2022,23:00,N,4,3.29,3.8,1
01/16/2022,24:00,N,4,3.44,3.9,1.25
01/17/2022,01:00,N,1.93,2,2,0.95
01/17/2022,02:00,N,0.76,1,1,0.95
01/17/2022,03:00,N,0.01,1.1,1,0.99
01/17/2022,04:00,N,0.01,2,1.45,0.99
01/17/2022,05:00,N,0.01,7.85,7.35,0.96
01/17/2022,06:00,N,0.01,15.07,9.77,1
01/17/2022,07:00,N,0.24,49.51,47.25,29.57
01/17/2022,08:00,N,0.4,31.5,31.5,28.41
01/17/2022,09:00,N,8,14.97,14.97,14.32
01/17/2022,10:00,N,8.11,8.11,8.11,3
01/17/2022,11:00,N,8.37,8.37,7.87,1.49
01/17/2022,12:00,N,8,7.22,5.22,1.35
01/17/2022,13:00,N,8.06,6.06,5.56,1.85
01/17/2022,14:00,N,8,4.92,4.21,1.6
01/17/2022,15:00,N,8.15,6.15,4.11,3
01/17/2022,16:00,N,7.21,7.21,4.15,3
01/17/2022,17:00,N,7.01,9.51,5.01,3.6
01/17/2022,18:00,N,5,26.68,22.66,5.58
01/17/2022,19:00,N,5,12.1,12.09,3.14
01/17/2022,20:00,N,7.01,3.71,5.08,3
01/17/2022,21:00,N,8,6.5,6.5,2.6
01/17/2022,22:00,N,4.01,3.61,3.51,1.45
01/17/2022,23:00,N,6.12,5.82,6.02,0.99
01/17/2022,24:00,N,5.25,5.15,5.15,1
01/18/2022,01:00,N,4.9,5,4.9,0.92
01/18/2022,02:00,N,4,4.1,4,0.92
01/18/2022,03:00,N,4,5,4.9,0.96
01/18/2022,04:00,N,5.01,5.01,4.91,0.96
01/18/2022,05:00,N,6.15,6.25,6.15,0.95
01/18/2022,06:00,N,8,11.85,11.85,0.99
01/18/2022,07:00,N,7.11,24.61,24.51,3.14
01/18/2022,08:00,N,8,18.5,18.5,3.14
01/18/2022,09:00,N,13.5,7.7,10,2.95
01/18/2022,10:00,N,12,8.4,8.4,2.35
01/18/2022,11:00,N,12,8.2,8.01,1.35
01/18/2022,12:00,N,9.8,9.8,9,1.41
01/18/2022,13:00,N,8,7.8,7,2.1
01/18/2022,14:00,N,8,7.6,7,2.1
01/18/2022,15:00,N,8,7.8,7,3.14
01/18/2022,16:00,N,9.65,9.65,9.15,3.14
01/18/2022,17:00,N,15.08,18.15,14.05,14.39
01/18/2022,18:00,N,9,30,29,28.85
01/18/2022,19:00,N,12.43,21.15,21.15,5
01/18/2022,20:00,N,7.92,3.61,6.42,3.14
01/18/2022,21:00,N,8.06,6.84,7.96,2.85
01/18/2022,22:00,N,4,3.9,3.9,1.7
01/18/2022,23:00,N,4.47,4.37,4.37,1.02
01/18/2022,24:00,N,5.9,5.8,5.8,1.02
01/19/2022,01:00,N,4.09,4.09,3.99,0.94
01/19/2022,02:00,N,4,4,3.9,0.94
01/19/2022,03:00,N,4,4,3.9,0.96
01/19/2022,04:00,N,5.15,5.15,5.05,0.96
01/19/2022,05:00,N,6.54,6.54,6.54,0.94
01/19/2022,06:00,N,9.71,11.71,11.21,0.98
01/19/2022,07:00,N,12,21.1,20.5,1.85
01/19/2022,08:00,N,12.22,20,20,2.35
01/19/2022,09:00,N,27.75,13.15,13.15,2.35
01/19/2022,10:00,N,19.65,19.65,19.15,1.84
01/19/2022,11:00,N,18.51,18.41,18.41,1.35
01/19/2022,12:00,N,12.96,12.96,12.86,1.35
01/19/2022,13:00,N,13.08,13.08,12.98,1.62
01/19/2022,14:00,N,9.83,9.83,9.23,1.62
01/19/2022,15:00,N,12,11.15,10.55,3.14
01/19/2022,16:00,N,13.15,13.15,11.15,3.14
01/19/2022,17:00,N,13.7,14.93,12.43,3.85
01/19/2022,18:00,N,13.95,33.95,33.15,4.42
01/19/2022,19:00,N,14.15,19.15,19.15,3.1
01/19/2022,20:00,N,12,7,12,2.85
01/19/2022,21:00,N,12.11,11.71,11.61,2.6
01/19/2022,22:00,N,5.11,5.11,5.11,1.45
01/19/2022,23:00,N,8,8,8,1
01/19/2022,24:00,N,8,8.64,8.64,1
01/20/2022,01:00,N,5,5.07,5.17,0.93
01/20/2022,02:00,N,4,5,5.1,0.93
01/20/2022,03:00,N,4,5.9,6,0.95
01/20/2022,04:00,N,4.04,5.94,6.04,0.95
01/20/2022,05:00,N,4.51,6.41,6.51,0.93
01/20/2022,06:00,N,8,10,10,0.97
01/20/2022,07:00,N,3.5,20,19.15,2.75
01/20/2022,08:00,N,3.5,11.42,11.52,12.95
01/20/2022,09:00,N,8,11.15,11.15,12.95
01/20/2022,10:00,N,8,8.11,8.11,12.95
01/20/2022,11:00,N,6.96,6.96,6.96,8.6
01/20/2022,12:00,N,4.8,5.8,5.8,3.14
01/20/2022,13:00,N,7.11,7.11,7.21,2.75
01/20/2022,14:00,N,5.54,5.54,5.39,2.75
01/20/2022,15:00,N,3.5,4.26,4.11,5.75
01/20/2022,16:00,N,2.35,6.49,5.15,6.79
01/20/2022,17:00,N,3.54,20,10.49,24.35
01/20/2022,18:00,N,6.51,56.76,42.79,81.35
01/20/2022,19:00,N,4.8,37.05,37.15,54.15
01/20/2022,20:00,N,3.01,20.15,25.15,46.35
01/20/2022,21:00,N,2.9,25.15,25.15,35.71
01/20/2022,22:00,N,2.05,12.05,12.15,20.35
01/20/2022,23:00,N,2.7,3,3.1,4.74
01/20/2022,24:00,N,2.39,4.7,4.8,6.3
01/21/2022,01:00,N,0.01,2,2,1
01/21/2022,02:00,N,0.01,2,2,1
01/21/2022,03:00,N,0.01,2,2,1
01/21/2022,04:00,N,0.01,2,2,1
01/21/2022,05:00,N,0.01,3.35,2.85,1.01
01/21/2022,06:00,N,0.88,10.39,10,3.43
01/21/2022,07:00,N,0.33,50.79,39.15,47.17
01/21/2022,08:00,N,1.86,39.15,39.15,59.85
01/21/2022,09:00,N,5,15.85,15.85,18.97
01/21/2022,10:00,N,5,10.15,9.76,11.4
01/21/2022,11:00,N,4.58,5.08,4.69,2.6
01/21/2022,12:00,N,4,5.5,5.1,2.25
01/21/2022,13:00,N,3.5,3.5,3.1,1.76
01/21/2022,14:00,N,2.58,2.58,2.18,1.94
01/21/2022,15:00,N,2.8,2.8,1.8,3.14
01/21/2022,16:00,N,1.92,2.92,2,3.14
01/21/2022,17:00,N,2.01,4.43,4.03,5.1
01/21/2022,18:00,N,5,22.15,18.87,20.51
01/21/2022,19:00,N,4.03,14.32,14.42,12.15
01/21/2022,20:00,N,2.87,3,6.37,5.25
01/21/2022,21:00,N,2.98,3.48,5,4.15
01/21/2022,22:00,N,3.5,3.93,4.03,3.15
01/21/2022,23:00,N,4,3.36,3.36,1
01/21/2022,24:00,N,4,3,2.95,0.99
01/22/2022,01:00,N,2.11,2.01,2.01,1
01/22/2022,02:00,N,1.13,1.7,1.8,1
01/22/2022,03:00,N,1,1.9,2,1
01/22/2022,04:00,N,0.22,2.37,2.37,1
01/22/2022,05:00,N,0.01,3.88,3.73,1.25
01/22/2022,06:00,N,1.1,9.12,9.12,4.85
01/22/2022,07:00,N,3.01,37.15,35.15,36.06
01/22/2022,08:00,N,1.67,35.05,35.15,40
01/22/2022,09:00,N,7.11,17.48,17.58,21.38
01/22/2022,10:00,N,4.07,4.07,4.07,5.05
01/22/2022,11:00,N,4,4.2,4.21,3
01/22/2022,12:00,N,3,3,3,1.71
01/22/2022,13:00,N,1.51,1.51,1.37,2
01/22/2022,14:00,N,1.52,1.52,1.11,1.99
01/22/2022,15:00,N,1.92,1.92,1.11,3.45
01/22/2022,16:00,N,2,2.31,1.11,3.45
01/22/2022,17:00,N,0.75,2.79,2,3.8
01/22/2022,18:00,N,2.44,18.41,14.23,16.46
01/22/2022,19:00,N,2.04,14.43,14.53,6.85
01/22/2022,20:00,N,1.27,3,8,5.05
01/22/2022,21:00,N,3.5,4.5,8.04,3.14
01/22/2022,22:00,N,4,5.18,5.28,3.14
01/22/2022,23:00,N,3.5,3.34,4.21,1
01/22/2022,24:00,N,4,4.11,4.21,0.98
01/23/2022,01:00,N,3,3,2.9,0.99
01/23/2022,02:00,N,1.71,2.21,2.21,0.99
01/23/2022,03:00,N,1.1,2.1,2.01,0.99
01/23/2022,04:00,N,1,2,1.9,0.99
01/23/2022,05:00,N,1.21,3.1,2.6,1.05
01/23/2022,06:00,N,7.01,9.54,6.51,1.4
01/23/2022,07:00,N,2.72,22.36,7.64,6.49
01/23/2022,08:00,N,3.5,11.98,11.88,10.1
01/23/2022,09:00,N,10.44,10.34,10.34,10.34
01/23/2022,10:00,N,8,6.7,6.7,6.7
01/23/2022,11:00,N,6.13,6.13,6,3.14
01/23/2022,12:00,N,2.2,2.2,2.1,2.1
01/23/2022,13:00,N,1.77,1.77,1.5,2.1
01/23/2022,14:00,N,1.46,1.46,1.11,2.1
01/23/2022,15:00,N,1.68,1.68,1.2,3.14
01/23/2022,16:00,N,2.21,2.21,1.1,3.14
01/23/2022,17:00,N,1,2.72,2,4
01/23/2022,18:00,N,2.11,19.87,15.01,10.56
01/23/2022,19:00,N,3.5,15.13,15.13,4.42
01/23/2022,20:00,N,1.5,3,4.18,2.45
01/23/2022,21:00,N,3,3,3,2.1
01/23/2022,22:00,N,3.1,3,3,2.45
01/23/2022,23:00,N,4,3.5,3.5,1.75
01/23/2022,24:00,N,3.87,3.37,3.37,1.75
01/24/2022,01:00,N,3.66,2.67,2.4,1.2
01/24/2022,02:00,N,1.98,1.98,1.88,1.15
01/24/2022,03:00,N,2.01,2.01,1.91,1.22
01/24/2022,04:00,N,2.4,2.4,2,1.22
01/24/2022,05:00,N,3.25,3.8,3.15,1.1
01/24/2022,06:00,N,7.28,7.28,6.29,1.47
01/24/2022,07:00,N,2.37,20.15,18.07,3.8
01/24/2022,08:00,N,5,16.15,16.15,3.45
01/24/2022,09:00,N,8.1,7.5,8,3.08
01/24/2022,10:00,N,4.47,3.5,3.5,3.14
01/24/2022,11:00,N,5,4.9,4.9,2.03
01/24/2022,12:00,N,3.6,3.5,3.5,2
01/24/2022,13:00,N,2.11,2.01,2.01,2.01
01/24/2022,14:00,N,2.11,2.01,2.01,2.01
01/24/2022,15:00,N,2.21,2.11,2.11,2.8
01/24/2022,16:00,N,2.25,2.15,2.15,3.15
01/24/2022,17:00,N,2.3,3.37,3.27,3.27
01/24/2022,18:00,N,3.5,24.25,24.15,16.41
01/24/2022,19:00,N,5,18.08,18.15,4.5
01/24/2022,20:00,N,5,7.13,12.13,4.15
01/24/2022,21:00,N,3.78,4.26,4.21,3.45
01/24/2022,22:00,N,3.5,3.4,3.4,2.45
01/24/2022,23:00,N,4,3.74,3.74,1.4
01/24/2022,24:00,N,4,3.9,3.9,1.54
01/25/2022,01:00,N,4,4,3.9,1
01/25/2022,02:00,N,3.1,3.1,3,0.99
01/25/2022,03:00,N,3,3,2.6,1
01/25/2022,04:00,N,3.19,3.19,2.21,1
01/25/2022,05:00,N,4,4.55,3.5,0.99
01/25/2022,06:00,N,8,8.46,5.15,1.1
01/25/2022,07:00,N,8,22.55,22.15,4.22
01/25/2022,08:00,N,8,16.15,16.15,4.02
01/25/2022,09:00,N,12,7.18,7.54,2.45
01/25/2022,10:00,N,12,5.97,5.57,2.1
01/25/2022,11:00,N,12.21,7,3.5,1.66
01/25/2022,12:00,N,8,7.15,3.5,1.95
01/25/2022,13:00,N,8,6.5,3.5,1.97
01/25/2022,14:00,N,12,5.43,2.11,1.97
01/25/2022,15:00,N,8,6,2.8,2.8
01/25/2022,16:00,N,7.8,7.8,3.14,3.14
01/25/2022,17:00,N,7.82,7.82,3.5,3.5
01/25/2022,18:00,N,8,20,18.15,5.37
01/25/2022,19:00,N,8,11.29,11.29,2.01
01/25/2022,20:00,N,3.69,3.59,3.59,1.97
01/25/2022,21:00,N,4,3.41,3.5,1.98
01/25/2022,22:00,N,4,3.11,3.11,1.97
01/25/2022,23:00,N,4,3,2.8,1.05
01/25/2022,24:00,N,4,3.61,3.5,1.25
01/26/2022,01:00,N,2.1,2.1,2,0.99
01/26/2022,02:00,N,2.06,2.04,1.96,0.99
01/26/2022,03:00,N,2.06,2.06,1.96,1
01/26/2022,04:00,N,2.16,2.16,1.96,1.02
01/26/2022,05:00,N,3,3,2.5,1
01/26/2022,06:00,N,4,6.45,3.5,1.12
01/26/2022,07:00,N,5.22,17.89,17.52,4.25
01/26/2022,08:00,N,3.5,16.15,17.35,4.95
01/26/2022,09:00,N,9,10,10,3.9
01/26/2022,10:00,N,6.44,6.44,6.24,2.45
01/26/2022,11:00,N,5.32,5.32,5.25,1.96
01/26/2022,12:00,N,3.5,3.4,3.4,1.95
01/26/2022,13:00,N,2.44,2.44,1.96,1.95
01/26/2022,14:00,N,1.86,1.86,1.7,1.95
01/26/2022,15:00,N,1.75,1.75,1.54,2.39
01/26/2022,16:00,N,1.63,1.61,1.53,2.45
01/26/2022,17:00,N,1.73,3.16,2.95,3
01/26/2022,18:00,N,2.47,25.18,23.28,12.55
01/26/2022,19:00,N,5,18.15,18.15,10.3
01/26/2022,20:00,N,3.5,5,10,5.2
01/26/2022,21:00,N,5,6.43,8.65,3.45
01/26/2022,22:00,N,4,5.22,5.22,2.01
01/26/2022,23:00,N,4,6.15,6.15,1.25
01/26/2022,24:00,N,4,4.97,4.97,1.21
01/27/2022,01:00,N,2.1,2.1,2,1
01/27/2022,02:00,N,2.1,2.1,1.92,1
01/27/2022,03:00,N,2.1,2.1,1.7,1.05
01/27/2022,04:00,N,1.62,2.1,1.69,1.05
01/27/2022,05:00,N,2.14,2.62,2.01,1.05
01/27/2022,06:00,N,7.5,8.47,7.15,1.05
01/27/2022,07:00,N,2.22,31.02,30.52,20.32
01/27/2022,08:00,N,1.85,21.15,21.15,17.71
01/27/2022,09:00,N,8.71,15,15,10.39
01/27/2022,10:00,N,8,8.48,8.38,4.6
01/27/2022,11:00,N,4,3.88,3.7,2.85
01/27/2022,12:00,N,3.88,3.4,3.29,2.42
01/27/2022,13:00,N,4.55,3.23,2.62,2.02
01/27/2022,14:00,N,4.08,2.83,2.15,2.02
01/27/2022,15:00,N,5,2.61,2.11,3
01/27/2022,16:00,N,3.75,3.75,2.28,3.14
01/27/2022,17:00,N,5,5,3.53,4.02
01/27/2022,18:00,N,5,22.65,22.15,5.15
01/27/2022,19:00,N,7.01,12.86,12.86,2.7
01/27/2022,20:00,N,4.97,3.26,4.86,2.27
01/27/2022,21:00,N,3.57,3,3,2.7
01/27/2022,22:00,N,4,2.1,2,2
01/27/2022,23:00,N,4,3.5,3.5,1.25
01/27/2022,24:00,N,4,3.5,3.5,1.25
01/28/2022,01:00,N,4,2.59,2.09,1
01/28/2022,02:00,N,2.69,2.69,2.09,1
01/28/2022,03:00,N,2.28,2.28,2.01,1
01/28/2022,04:00,N,3.48,2.53,2.01,1
01/28/2022,05:00,N,4.15,4.15,2.09,1.05
01/28/2022,06:00,N,5,5,4,1
01/28/2022,07:00,N,3.5,18.97,16.97,3.5
01/28/2022,08:00,N,5.61,18.93,18.88,5.44
01/28/2022,09:00,N,13.5,14.93,14.88,4.55
01/28/2022,10:00,N,5.44,5.44,4.46,3
01/28/2022,11:00,N,4,3.46,2.73,2.02
01/28/2022,12:00,N,4,3.08,2.15,2
01/28/2022,13:00,N,3.94,2.82,2.01,1.99
01/28/2022,14:00,N,3.5,2.1,2,2
01/28/2022,15:00,N,4.9,2.4,2,3
01/28/2022,16:00,N,3.49,3,2.01,3
01/28/2022,17:00,N,4,4.46,2.15,3.14
01/28/2022,18:00,N,1.93,18.86,18.76,10
01/28/2022,19:00,N,1.78,38.15,38.15,25
01/28/2022,20:00,N,3.5,9.28,11.28,10
01/28/2022,21:00,N,4,10,10,5.5
01/28/2022,22:00,N,4,5.89,6,3.1
01/28/2022,23:00,N,4,4.05,4.05,1.47
01/28/2022,24:00,N,3.22,2.74,2.74,1.25
01/29/2022,01:00,N,3,2.48,2.38,1
01/29/2022,02:00,N,2.1,2.1,2,1
01/29/2022,03:00,N,2.1,2.1,2,1.05
01/29/2022,04:00,N,2.1,2.1,1.7,1.02
01/29/2022,05:00,N,3,4,2.26,1.05
01/29/2022,06:00,N,5.67,6.64,5.31,1.01
01/29/2022,07:00,N,3.5,22.6,21.98,7
01/29/2022,08:00,N,5,24.15,24.15,10
01/29/2022,09:00,N,13.72,15.15,15.15,6.65
01/29/2022,10:00,N,12,7.38,7.28,3.14
01/29/2022,11:00,N,10,7.37,5.51,2.22
01/29/2022,12:00,N,8,3.38,2.38,2
01/29/2022,13:00,N,6.8,4.73,2.38,2.22
01/29/2022,14:00,N,5,3.93,2.15,2.22
01/29/2022,15:00,N,5.97,3.9,2,3.14
01/29/2022,16:00,N,5.01,5.01,2.01,3.14
01/29/2022,17:00,N,6.24,6.24,2.23,4.22
01/29/2022,18:00,N,8,31.15,30.65,18.2
01/29/2022,19:00,N,12.01,31.15,31.15,10
01/29/2022,20:00,N,5,3.14,4.9,3.14
01/29/2022,21:00,N,4,3.5,3.5,2.35
01/29/2022,22:00,N,4,3.5,3.5,2
01/29/2022,23:00,N,5.1,5,5,1.35
01/29/2022,24:00,N,4.73,4.18,4.08,1.37
01/30/2022,01:00,N,4,2.51,2.01,1.05
01/30/2022,02:00,N,2.98,2.98,2,1.05
01/30/2022,03:00,N,3,3,2,1.05
01/30/2022,04:00,N,3,3,2,1.05
01/30/2022,05:00,N,3.5,3.5,2.35,1.05
01/30/2022,06:00,N,4,4.91,4.58,1.05
01/30/2022,07:00,N,7.5,16.63,16.53,6.58
01/30/2022,08:00,N,8.05,25.12,25.12,15
01/30/2022,09:00,N,19.15,21.15,21.15,6.3
01/30/2022,10:00,N,10.69,10.69,9.84,3.55
01/30/2022,11:00,N,7.2,6.65,6.15,2.85
01/30/2022,12:00,N,7,5.55,5.05,2.15
01/30/2022,13:00,N,7.15,7.15,3.5,2.5
01/30/2022,14:00,N,5,5,2.38,2.15
01/30/2022,15:00,N,7.01,6.55,3.5,3.55
01/30/2022,16:00,N,8,8,3.5,3.55
01/30/2022,17:00,N,7.15,7.15,3.5,4.24
01/30/2022,18:00,N,8.01,27.06,26.01,11.8
01/30/2022,19:00,N,15,22.15,22.15,6.2
01/30/2022,20:00,N,6.95,4.85,6.85,2.35
01/30/2022,21:00,N,6.71,6.2,6.61,2
01/30/2022,22:00,N,4.01,3.5,3.5,2.01
01/30/2022,23:00,N,5.45,5.35,5.35,1.35
01/30/2022,24:00,N,5.23,4.75,4.75,1.64
01/31/2022,01:00,N,4,3,2.5,1
01/31/2022,02:00,N,3,3,2.38,0.99
01/31/2022,03:00,N,3.5,3.5,2.38,1.02
01/31/2022,04:00,N,3.59,3.59,2.38,1.02
01/31/2022,05:00,N,4,4.17,3.97,1.02
01/31/2022,06:00,N,10.98,11,10,1.05
01/31/2022,07:00,N,7.5,24.15,21.76,12
01/31/2022,08:00,N,12,29.15,29.15,27.52
01/31/2022,09:00,N,18.59,19.14,19.14,7
01/31/2022,10:00,N,11.33,10.78,10.16,3.14
01/31/2022,11:00,N,10,6.65,6.15,1.99
01/31/2022,12:00,N,6.52,6.52,5.54,1.97
01/31/2022,13:00,N,8,4.64,3.54,2.01
01/31/2022,14:00,N,8,3.6,2.7,2
01/31/2022,15:00,N,8,4.22,3.5,3.5
01/31/2022,16:00,N,5,3.61,3.01,3.2
01/31/2022,17:00,N,6.22,7.15,4.01,4.33
01/31/2022,18:00,N,7.01,46.25,46.15,43.2
01/31/2022,19:00,N,15,30.51,30.51,10
01/31/2022,20:00,N,6.96,4.86,6.86,4.1
01/31/2022,21:00,N,5.63,3.53,5.53,3.14
01/31/2022,22:00,N,4.01,4.55,4.55,2
01/31/2022,23:00,N,5.1,5,5,1.35
01/31/2022,24:00,N,6.55,6,6,1.42
02/01/2022,01:00,N,4.7,4.15,4.05,1.05
02/01/2022,02:00,N,4.1,4.1,4,1.05
02/01/2022,03:00,N,4,4.55,4.45,1.25
02/01/2022,04:00,N,5.1,5.1,5,1.25
02/01/2022,05:00,N,7.48,6.98,6,1.25
02/01/2022,06:00,N,17.23,13.14,10.15,1.42
02/01/2022,07:00,N,12,23,20.42,5.2
02/01/2022,08:00,N,13.5,17.61,17.61,6.95
02/01/2022,09:00,N,16.15,16.15,15.17,5.02
02/01/2022,10:00,N,14.21,14.21,7.72,3.14
02/01/2022,11:00,N,13.5,13.5,8,2.85
02/01/2022,12:00,N,12,12,6.8,3.14
02/01/2022,13:00,N,13.01,13.01,8,2.85
02/01/2022,14:00,N,13.63,13.63,5.43,3
02/01/2022,15:00,N,10.6,10.6,8.15,9.54
02/01/2022,16:00,N,11.15,11.15,8.15,10
02/01/2022,17:00,N,12,12,8.12,10
02/01/2022,18:00,N,30,44.73,44.23,48.03
02/01/2022,19:00,N,15,27.61,27.51,25
02/01/2022,20:00,N,9.93,10.41,10.41,8.35
02/01/2022,21:00,N,7.11,7.01,7.01,6.95
02/01/2022,22:00,N,5,5.97,5.97,4.15
02/01/2022,23:00,N,6.38,6.38,6.28,1.7
02/01/2022,24:00,N,4.39,4.15,4.29,1.7
02/02/2022,01:00,N,4.86,4.15,4.25,1.4
02/02/2022,02:00,N,4.09,3.61,3.61,1.25
02/02/2022,03:00,N,5,5,5,1.75
02/02/2022,04:00,N,5.6,5.6,5,1.75
02/02/2022,05:00,N,8.7,8.15,7.22,1.75
02/02/2022,06:00,N,22.39,20,10,1.62
02/02/2022,07:00,N,15,20.74,20.14,4.85
02/02/2022,08:00,N,18.5,18.5,18.6,5
02/02/2022,09:00,N,22.77,16.26,15.76,4.85
02/02/2022,10:00,N,21.45,10.89,10.29,2.6
02/02/2022,11:00,N,15,12.93,7.82,2.6
02/02/2022,12:00,N,12.85,12.85,10,2.85
02/02/2022,13:00,N,13.63,12.85,10.15,2.85
02/02/2022,14:00,N,12,9.93,8.15,3
02/02/2022,15:00,N,13.73,13.73,8.53,10.53
02/02/2022,16:00,N,12.85,12.85,8.15,9.6
02/02/2022,17:00,N,17.01,17.27,8.15,9.6
02/02/2022,18:00,N,17.01,26.14,18.15,26.14
02/02/2022,19:00,N,12.11,21.53,21.03,22.7
02/02/2022,20:00,N,9,9.9,10,12
02/02/2022,21:00,N,8,8.47,8.57,8
02/02/2022,22:00,N,5,5,5.1,4.62
02/02/2022,23:00,N,4.05,3.5,3,2.05
02/02/2022,24:00,N,4,2.47,2.57,2.05
02/03/2022,01:00,N,10.15,10.15,10.85,5
02/03/2022,02:00,N,8,8,10.85,5
02/03/2022,03:00,N,8,10.85,10.85,5.01
02/03/2022,04:00,N,5,11.01,10.85,5.01
02/03/2022,05:00,N,8,15.86,11.85,5.2
02/03/2022,06:00,N,24.76,26,14.85,7.2
02/03/2022,07:00,N,2.29,46.69,31.69,38.28
02/03/2022,08:00,N,13.5,36.5,28.5,40
02/03/2022,09:00,N,28.99,40,30.99,40
02/03/2022,10:00,N,22.37,31.15,24.37,33.36
02/03/2022,11:00,N,20,24.45,21.15,19.3
02/03/2022,12:00,N,15.15,21.89,16.15,14.3
02/03/2022,13:00,N,20,29.3,23.64,11.3
02/03/2022,14:00,N,17.2,25.02,21.4,11.3
02/03/2022,15:00,N,20,27.38,25,40
02/03/2022,16:00,N,14.02,34.28,34.28,40
02/03/2022,17:00,N,12,40,40,42.95
02/03/2022,18:00,N,12,68.93,68.53,92.1
02/03/2022,19:00,N,6.79,56.15,59.15,89.55
02/03/2022,20:00,N,5,35,48.85,86.74
02/03/2022,21:00,N,5,35,40.01,79.95
02/03/2022,22:00,N,5,11.15,26.15,53.95
02/03/2022,23:00,N,7.68,25.09,28.09,19.3
02/03/2022,24:00,N,5.63,10,26.15,16.3
02/04/2022,01:00,N,5,26.07,27.4,270.35
02/04/2022,02:00,N,4,27.41,28.71,270.35
02/04/2022,03:00,N,4,28.71,30.72,295.35
02/04/2022,04:00,N,2,33.35,34.65,295.35
02/04/2022,05:00,N,4,44.55,45.85,80.45
02/04/2022,06:00,N,20,121.5,106.5,128.7
02/04/2022,07:00,N,23.56,339.74,324.73,337.67
02/04/2022,08:00,N,14.39,200.65,201.95,300
02/04/2022,09:00,N,29.75,168.03,167.63,210.7
02/04/2022,10:00,N,35,63.7,65,204.7
02/04/2022,11:00,N,24.01,35.95,36.44,205.7
02/04/2022,12:00,N,30,31.29,31.29,48.29
02/04/2022,13:00,N,20,22.7,22.7,40
02/04/2022,14:00,N,18,18,18,40
02/04/2022,15:00,N,19,18,18,109.95
02/04/2022,16:00,N,18,18,18,107.95
02/04/2022,17:00,N,20,25,25,107.95
02/04/2022,18:00,N,20.64,75,75,145.95
02/04/2022,19:00,N,19.95,77.7,79,120.95
02/04/2022,20:00,N,14.58,64.55,65.85,120.95
02/04/2022,21:00,N,14.31,52.06,53.36,103.95
02/04/2022,22:00,N,12.5,34.9,46.49,104.95
02/04/2022,23:00,N,13.5,44.31,45.61,67.3
02/04/2022,24:00,N,4,31.96,33.26,58.15
02/05/2022,01:00,N,3.5,10.17,10.07,4
02/05/2022,02:00,N,1.89,9.09,8.99,3
02/05/2022,03:00,N,2.25,8.92,8.82,4
02/05/2022,04:00,N,0.01,8.99,8.89,4
02/05/2022,05:00,N,3.62,13.88,13.73,5
02/05/2022,06:00,N,7,31.17,31.07,20
02/05/2022,07:00,N,2.11,95.25,93.76,77
02/05/2022,08:00,N,1.92,86.32,86.32,67.7
02/05/2022,09:00,N,13.5,52.65,52.65,51.65
02/05/2022,10:00,N,10,21.05,20.65,11.2
02/05/2022,11:00,N,10,18.44,18.05,5.1
02/05/2022,12:00,N,10,11.22,10.83,4.15
02/05/2022,13:00,N,8,8,6.72,3
02/05/2022,14:00,N,7.11,7.08,5.35,2.8
02/05/2022,15:00,N,6.8,6.8,4.85,6.85
02/05/2022,16:00,N,7.36,7.36,5.21,6.85
02/05/2022,17:00,N,8,8,6.15,7
02/05/2022,18:00,N,11.42,25.7,25.6,27.6
02/05/2022,19:00,N,5,28.11,28.01,22.9
02/05/2022,20:00,N,5,8.75,9.49,8.49
02/05/2022,21:00,N,5,5.46,5.57,6
02/05/2022,22:00,N,4,4,3.9,5.25
02/05/2022,23:00,N,4,4.75,4.65,3.65
02/05/2022,24:00,N,4,3.45,3.35,3.45
02/06/2022,01:00,N,3.7,4.25,4.15,3.4
02/06/2022,02:00,N,2.69,3.24,3.14,3.14
02/06/2022,03:00,N,3.5,4.05,3.95,3.95
02/06/2022,04:00,N,0.01,4.58,4.48,4.48
02/06/2022,05:00,N,4,9.45,9.3,5.05
02/06/2022,06:00,N,14.2,25.1,25,10.79
02/06/2022,07:00,N,3.84,45.71,45.51,39.85
02/06/2022,08:00,N,5,51.65,52.65,51.65
02/06/2022,09:00,N,29.47,36.74,36.74,36.74
02/06/2022,10:00,N,13,13.62,13.52,11.89
02/06/2022,11:00,N,10.43,10.33,10.33,5.05
02/06/2022,12:00,N,5.84,5.84,5.69,4.15
02/06/2022,13:00,N,12.85,12.85,12.46,3.14
02/06/2022,14:00,N,10.05,9.6,8.57,3.14
02/06/2022,15:00,N,10.55,10,9.26,10.9
02/06/2022,16:00,N,10.45,10,9.2,10.9
02/06/2022,17:00,N,11.45,10.9,10.1,10.9
02/06/2022,18:00,N,15.67,22.18,22.18,23.82
02/06/2022,19:00,N,13.44,25.29,25.19,20.55
02/06/2022,20:00,N,12,15.21,18.2,18.2
02/06/2022,21:00,N,11.95,13.67,15.12,14.12
02/06/2022,22:00,N,4,10,10.74,10.5
02/06/2022,23:00,N,4.77,5.46,5.46,4.01
02/06/2022,24:00,N,4.01,5.01,5.58,3.14
02/07/2022,01:00,N,4,4,4,2.05
02/07/2022,02:00,N,4,4,4,2.05
02/07/2022,03:00,N,3.61,3.61,3.46,2.75
02/07/2022,04:00,N,3.18,3.18,2.98,2.75
02/07/2022,05:00,N,5.55,6.1,5.71,2.75
02/07/2022,06:00,N,16,16,15.4,5
02/07/2022,07:00,N,7.01,38.71,38.51,20.68
02/07/2022,08:00,N,13.5,35.26,35.26,29.81
02/07/2022,09:00,N,20,20,20,16
02/07/2022,10:00,N,15.85,15.85,15.85,7.79
02/07/2022,11:00,N,10.38,10.38,9.93,5
02/07/2022,12:00,N,4.85,4.85,4.44,3.2
02/07/2022,13:00,N,8,6.97,6,2.86
02/07/2022,14:00,N,8,5.11,4.33,2.98
02/07/2022,15:00,N,8,7.45,6.55,8.19
02/07/2022,16:00,N,8,8,6.98,8.25
02/07/2022,17:00,N,7.11,7.11,6,7.64
02/07/2022,18:00,N,14.08,24.83,24.33,24.34
02/07/2022,19:00,N,7.11,41.85,41.85,40.65
02/07/2022,20:00,N,8.1,14.41,16.41,16.41
02/07/2022,21:00,N,7.01,10.05,14.05,14.05
02/07/2022,22:00,N,4,6,6,7.19
02/07/2022,23:00,N,5,6.03,6.03,4.15
02/07/2022,24:00,N,4,4.23,4.23,3.45
02/08/2022,01:00,N,3.5,3,2.39,1
02/08/2022,02:00,N,3.17,2.6,2.11,1
02/08/2022,03:00,N,3.5,3.44,2.21,1
02/08/2022,04:00,N,3.06,3.06,2.01,1
02/08/2022,05:00,N,4.85,4.85,4.58,1
02/08/2022,06:00,N,11.07,11.07,9.57,1.35
02/08/2022,07:00,N,7,34.85,33.85,8.75
02/08/2022,08:00,N,13.5,25.93,25.93,9.91
02/08/2022,09:00,N,14.35,14.85,14.9,3.54
02/08/2022,10:00,N,9.91,9.91,9.31,2.1
02/08/2022,11:00,N,15.59,13.29,3.59,1.1
02/08/2022,12:00,N,16.49,11.79,5.54,1.05
02/08/2022,13:00,N,14.41,14.41,2.21,1.1
02/08/2022,14:00,N,19.65,10.21,2.21,1.1
02/08/2022,15:00,N,9.09,9.09,3.35,3.3
02/08/2022,16:00,N,9.85,9.85,3.35,3.3
02/08/2022,17:00,N,11.35,11.35,3.35,3.3
02/08/2022,18:00,N,16.7,21.7,10,10
02/08/2022,19:00,N,11,27.59,27.59,11.35
02/08/2022,20:00,N,9.65,9.65,10.15,5
02/08/2022,21:00,N,7.01,5.21,7.16,3.14
02/08/2022,22:00,N,4.68,4.68,4.68,2.1
02/08/2022,23:00,N,4.01,4.01,4.01,1
02/08/2022,24:00,N,4.01,4.01,4.01,1.05
02/09/2022,01:00,N,3.83,3.83,3.57,1.05
02/09/2022,02:00,N,4,4,4,1.05
02/09/2022,03:00,N,4,4,4,1.15
02/09/2022,04:00,N,3.5,4,4,1.13
02/09/2022,05:00,N,5,6,6,1.42
02/09/2022,06:00,N,12.68,14.68,13.38,2.45
02/09/2022,07:00,N,3.5,59.25,58.55,48.13
02/09/2022,08:00,N,5,40.72,42.72,33.2
02/09/2022,09:00,N,12.34,16.71,16.51,5.05
02/09/2022,10:00,N,8,8.86,8.46,2
02/09/2022,11:00,N,7.01,7.39,7.19,1.62
02/09/2022,12:00,N,6.22,6.22,5.35,1.47
02/09/2022,13:00,N,10,10,5.35,1.22
02/09/2022,14:00,N,8.3,8.3,5.35,2.1
02/09/2022,15:00,N,8,8,4.67,3.15
02/09/2022,16:00,N,8,8,4.26,3.15
02/09/2022,17:00,N,9.15,9.16,5.35,3.14
02/09/2022,18:00,N,16.76,20.45,19.95,9.6
02/09/2022,19:00,N,15,32.81,32.81,17.6
02/09/2022,20:00,N,15.13,15.13,15.68,4.83
02/09/2022,21:00,N,8.63,9.38,9.38,3.14
02/09/2022,22:00,N,4.01,4.75,4.75,2.05
02/09/2022,23:00,N,4.38,4.73,4.73,1
02/09/2022,24:00,N,4.01,4.01,4.01,1.1
02/10/2022,01:00,N,3.5,3.05,2.65,1
02/10/2022,02:00,N,2.21,2.21,2.11,1
02/10/2022,03:00,N,3.85,3.85,3.75,1.02
02/10/2022,04:00,N,3.5,3.5,3.5,1.02
02/10/2022,05:00,N,4,4,3.9,1.05
02/10/2022,06:00,N,10.98,12.98,12.54,3.14
02/10/2022,07:00,N,4,57.8,57.4,42.53
02/10/2022,08:00,N,7.11,41.85,43.54,31.8
02/10/2022,09:00,N,11.54,11.54,10.84,3.14
02/10/2022,10:00,N,5.2,5.2,4.3,1.22
02/10/2022,11:00,N,5.82,5.82,4.24,1.62
02/10/2022,12:00,N,5,5,3.5,1.42
02/10/2022,13:00,N,8,7.94,2.88,1.15
02/10/2022,14:00,N,7.28,7.22,2.35,1.15
02/10/2022,15:00,N,7.11,7.03,2.35,3.14
02/10/2022,16:00,N,7,7,2.42,3.14
02/10/2022,17:00,N,8,8,3.14,3.14
02/10/2022,18:00,N,15.52,16.98,14.5,7.65
02/10/2022,19:00,N,17.01,35.79,35.79,15
02/10/2022,20:00,N,10.22,10.22,12.12,5.05
02/10/2022,21:00,N,6.19,6.19,6.7,3.1
02/10/2022,22:00,N,4,3.9,3.9,1.85
02/10/2022,23:00,N,4,3.9,3.9,1
02/10/2022,24:00,N,4,3.5,3.5,1
02/11/2022,01:00,N,4,4,3.42,2
02/11/2022,02:00,N,3.01,2.61,2.01,2
02/11/2022,03:00,N,3.5,3.3,2.5,2.22
02/11/2022,04:00,N,3.5,3.5,2.9,2.22
02/11/2022,05:00,N,5.45,5,4.45,2.01
02/11/2022,06:00,N,11,11.36,9.86,3.14
02/11/2022,07:00,N,13.5,32.96,31.96,11.81
02/11/2022,08:00,N,13.49,20.49,20.49,10.12
02/11/2022,09:00,N,13.5,13.5,12.5,7.62
02/11/2022,10:00,N,7.96,7.9,6.96,4
02/11/2022,11:00,N,7.67,7.27,6.67,3.14
02/11/2022,12:00,N,8,7.15,5.35,2.8
02/11/2022,13:00,N,11,8.93,5.35,3.14
02/11/2022,14:00,N,8,7.55,5.35,3.14
02/11/2022,15:00,N,8.35,7.95,7.35,12.15
02/11/2022,16:00,N,8.01,8.01,7.35,12.15
02/11/2022,17:00,N,11,11,10,14.8
02/11/2022,18:00,N,27.87,27.87,27.37,27.37
02/11/2022,19:00,N,19.34,25.85,25.85,12.48
02/11/2022,20:00,N,7.55,7,7,7
02/11/2022,21:00,N,8.01,7,7.65,7.65
02/11/2022,22:00,N,7,7,7.05,7.05
02/11/2022,23:00,N,7.35,7.11,7.11,2.9
02/11/2022,24:00,N,4,3.49,3.49,2.22
02/12/2022,01:00,N,5.21,5.21,5.01,1.04
02/12/2022,02:00,N,4.85,4.85,4.65,1.04
02/12/2022,03:00,N,4.41,4.85,4.65,1.14
02/12/2022,04:00,N,5.61,5.61,5.01,1.14
02/12/2022,05:00,N,7.6,7.6,7,1.14
02/12/2022,06:00,N,20.74,20.74,12.85,2
02/12/2022,07:00,N,20,27.85,22.85,2.62
02/12/2022,08:00,N,15.2,15.2,15.2,3.14
02/12/2022,09:00,N,20.84,20.84,19.79,3.1
02/12/2022,10:00,N,13.55,13.55,13.35,3.01
02/12/2022,11:00,N,12.71,12.71,12.11,3.14
02/12/2022,12:00,N,11.15,11.15,9.65,3.14
02/12/2022,13:00,N,12,12,7.15,2.02
02/12/2022,14:00,N,11,11,6.01,1.99
02/12/2022,15:00,N,8,8,4.15,3.85
02/12/2022,16:00,N,8,8,4.15,3.14
02/12/2022,17:00,N,9.39,9.39,4.15,3.14
02/12/2022,18:00,N,12.8,19.8,19.3,19.3
02/12/2022,19:00,N,3.5,41.93,41.93,37.68
02/12/2022,20:00,N,6.83,21.45,25.45,20
02/12/2022,21:00,N,5,11.15,15.15,11.25
02/12/2022,22:00,N,4,9.26,10.35,5.5
02/12/2022,23:00,N,3.01,3.01,2.81,1.99
02/12/2022,24:00,N,2.2,2.2,2,1.14
02/13/2022,01:00,N,4,4.99,4.99,1.36
02/13/2022,02:00,N,1.52,2.09,2,1.09
02/13/2022,03:00,N,1.34,2.32,2,1.4
02/13/2022,04:00,N,0.17,2.32,1.96,1.26
02/13/2022,05:00,N,3.99,4.54,3.72,1.09
02/13/2022,06:00,N,8.01,9.01,8.19,2.6
02/13/2022,07:00,N,5,25.16,24.84,6.19
02/13/2022,08:00,N,12,28.27,29.95,10
02/13/2022,09:00,N,13.5,26.25,26.25,10
02/13/2022,10:00,N,8.43,8.98,8.8,5.5
02/13/2022,11:00,N,6.48,6.72,6.72,3.75
02/13/2022,12:00,N,4.5,4.44,4.18,3.14
02/13/2022,13:00,N,5,4,3.83,2.25
02/13/2022,14:00,N,5,2.84,2.37,1.24
02/13/2022,15:00,N,5,3.4,3,4.01
02/13/2022,16:00,N,4.05,3.5,3,4.01
02/13/2022,17:00,N,4.24,4,3.8,4
02/13/2022,18:00,N,13.82,16.82,16.5,16.5
02/13/2022,19:00,N,8.01,38.86,38.86,38.86
02/13/2022,20:00,N,7.01,7.8,9.03,10
02/13/2022,21:00,N,4.52,4.14,4.76,4.62
02/13/2022,22:00,N,4,4,4.02,4.02
02/13/2022,23:00,N,4.91,4.91,4.59,1.85
02/13/2022,24:00,N,4,3.68,3.68,1.46
02/14/2022,01:00,N,4,4,2.95,1
02/14/2022,02:00,N,4,4,2.95,1
02/14/2022,03:00,N,4,4,2.95,1.14
02/14/2022,04:00,N,4.51,4.51,3.03,1.09
02/14/2022,05:00,N,7.01,7.01,3.5,1.02
02/14/2022,06:00,N,13.5,13.5,8.85,2.5
02/14/2022,07:00,N,12,30.98,30.58,10
02/14/2022,08:00,N,14.45,31.34,33.21,14.78
02/14/2022,09:00,N,18.45,18.45,17.99,5.1
02/14/2022,10:00,N,9.71,9.71,8.71,3.14
02/14/2022,11:00,N,8.15,8.15,7.68,3.14
02/14/2022,12:00,N,11,11,9.65,2
02/14/2022,13:00,N,9.65,9.65,6.65,1.75
02/14/2022,14:00,N,10.98,10.15,4.65,1.62
02/14/2022,15:00,N,11,10.15,5,5
02/14/2022,16:00,N,11,11,5,5
02/14/2022,17:00,N,11,11,6.65,6.65
02/14/2022,18:00,N,23.1,23.1,16.85,10
02/14/2022,19:00,N,19.35,22.15,21.75,8.3
02/14/2022,20:00,N,10,7.48,7.5,5
02/14/2022,21:00,N,7.01,6.88,6.88,3.14
02/14/2022,22:00,N,4.64,4.51,4.51,3.14
02/14/2022,23:00,N,4.99,4.99,4.86,1.14
02/14/2022,24:00,N,5.14,5.01,5.01,1.42
02/15/2022,01:00,N,4.1,4.1,3.5,1.04
02/15/2022,02:00,N,4,4,3.5,1.04
02/15/2022,03:00,N,4,4,3.5,1.14
02/15/2022,04:00,N,4.79,4.79,3.5,1.14
02/15/2022,05:00,N,8,8,6,1.14
02/15/2022,06:00,N,20,20,11.25,2
02/15/2022,07:00,N,13.5,24.78,24.65,3.14
02/15/2022,08:00,N,18.34,21.08,21.91,4
02/15/2022,09:00,N,22.37,22.37,21.57,3.14
02/15/2022,10:00,N,13.51,13.51,12.15,2.65
02/15/2022,11:00,N,9.15,9.15,7.85,2
02/15/2022,12:00,N,12.25,12.25,6,2.09
02/15/2022,13:00,N,12,12,6.65,2
02/15/2022,14:00,N,12,10.73,5.85,2.1
02/15/2022,15:00,N,13.96,13.96,7.71,7.71
02/15/2022,16:00,N,15.15,15.15,7.02,7.02
02/15/2022,17:00,N,16.67,18.74,6,6
02/15/2022,18:00,N,26.98,30,19.25,10
02/15/2022,19:00,N,18.94,22.45,22.32,4.64
02/15/2022,20:00,N,12,11.87,11.87,4.02
02/15/2022,21:00,N,7,6.87,6.87,3.14
02/15/2022,22:00,N,4.01,3.88,3.88,3.14
02/15/2022,23:00,N,6.15,6.15,6.02,1.22
02/15/2022,24:00,N,4.14,4.01,4.01,1.22
02/16/2022,01:00,N,4,4,3.4,1
02/16/2022,02:00,N,4,4,3.4,1
02/16/2022,03:00,N,4,4,3.4,1.05
02/16/2022,04:00,N,2.69,2.69,2.09,1.05
02/16/2022,05:00,N,5.33,5.33,3.85,1.05
02/16/2022,06:00,N,20,20,8.85,1.09
02/16/2022,07:00,N,15,20.8,20,1.5
02/16/2022,08:00,N,13.09,12.85,12.84,1.62
02/16/2022,09:00,N,16.75,16.75,16.15,1.5
02/16/2022,10:00,N,13.5,13.5,10.87,1.62
02/16/2022,11:00,N,9.33,9.15,7.85,1.62
02/16/2022,12:00,N,10,10,7.85,1.65
02/16/2022,13:00,N,11.33,11.15,9.85,1.62
02/16/2022,14:00,N,11,9.78,8.85,1.5
02/16/2022,15:00,N,10.96,10.96,6.2,6.2
02/16/2022,16:00,N,11,11,6.2,6.2
02/16/2022,17:00,N,12,12.45,6.2,6.2
02/16/2022,18:00,N,19.36,22.36,19,10
02/16/2022,19:00,N,15,20,19.75,3.14
02/16/2022,20:00,N,11,10.75,10.75,3.14
02/16/2022,21:00,N,8,8,8,3
02/16/2022,22:00,N,4.26,4.01,4.01,1.65
02/16/2022,23:00,N,4.1,4.1,3.5,1.05
02/16/2022,24:00,N,4,3,2.4,1.05
02/17/2022,01:00,N,4,4,3.5,1
02/17/2022,02:00,N,4,4,3.5,1
02/17/2022,03:00,N,4,4,3.5,1.04
02/17/2022,04:00,N,4.43,4.43,3.5,1.04
02/17/2022,05:00,N,7,7,4.85,1.04
02/17/2022,06:00,N,21.72,21.72,10,1.05
02/17/2022,07:00,N,17.08,22.08,16.15,1.22
02/17/2022,08:00,N,12,12,11.4,1.22
02/17/2022,09:00,N,18.85,18.85,11.74,1.35
02/17/2022,10:00,N,15.55,15,9.01,1.25
02/17/2022,11:00,N,10,9.15,6,1.35
02/17/2022,12:00,N,10.9,10.9,5.85,1.6
02/17/2022,13:00,N,12.77,10.7,7.85,1.42
02/17/2022,14:00,N,14.1,10.1,7.85,1.42
02/17/2022,15:00,N,11.5,11.5,7.39,7.39
02/17/2022,16:00,N,12.45,12.45,6.2,6.2
02/17/2022,17:00,N,11.25,11.25,5,5
02/17/2022,18:00,N,11.59,11.59,10.85,10.85
02/17/2022,19:00,N,5.84,33.11,33.11,27.86
02/17/2022,20:00,N,8,16.65,18.11,16.65
02/17/2022,21:00,N,8,12.56,12.56,14.56
02/17/2022,22:00,N,4,5,5,4
02/17/2022,23:00,N,4,4,3.6,0.99
02/17/2022,24:00,N,3.5,3.14,3.14,1.04
02/18/2022,01:00,N,2.71,2.43,2.2,0.99
02/18/2022,02:00,N,2.69,2.66,2.18,0.99
02/18/2022,03:00,N,2.59,2.52,2.18,1
02/18/2022,04:00,N,2.54,3.54,3.03,1
02/18/2022,05:00,N,4,4.55,4.04,1
02/18/2022,06:00,N,11.5,21.5,11.75,3.72
02/18/2022,07:00,N,4.58,76.9,51.15,64.87
02/18/2022,08:00,N,4,43.66,43.15,44.25
02/18/2022,09:00,N,7.01,15.72,15.21,9.04
02/18/2022,10:00,N,8,8,5.01,2
02/18/2022,11:00,N,5.15,5.15,2.18,1.6
02/18/2022,12:00,N,5,4.86,3.5,1.25
02/18/2022,13:00,N,8,4,2.85,1.09
02/18/2022,14:00,N,8,4,2.18,1.04
02/18/2022,15:00,N,7.01,3.72,2,4
02/18/2022,16:00,N,6.12,4.59,2.01,4.01
02/18/2022,17:00,N,5.41,5.15,2,4
02/18/2022,18:00,N,13.29,14.17,7.02,7.02
02/18/2022,19:00,N,11,31.94,31.44,20.89
02/18/2022,20:00,N,8,8,9.18,9.18
02/18/2022,21:00,N,6.4,6.4,6.4,5.75
02/18/2022,22:00,N,4.01,4.01,4.01,3.14
02/18/2022,23:00,N,4.01,4.01,3.5,1
02/18/2022,24:00,N,4,2.53,2.18,1
02/19/2022,01:00,N,2.75,1.7,1.3,1.09
02/19/2022,02:00,N,1.98,1.22,1.01,1.04
02/19/2022,03:00,N,1.98,1.44,1,1.23
02/19/2022,04:00,N,1.25,1.49,1,1.25
02/19/2022,05:00,N,2.75,2.75,1.52,1.4
02/19/2022,06:00,N,6.32,9.32,5,3.14
02/19/2022,07:00,N,3.5,33.69,33.15,12.65
02/19/2022,08:00,N,5,31.19,31.68,12.08
02/19/2022,09:00,N,8.87,11.04,9.87,7
02/19/2022,10:00,N,8.12,8.67,8.13,4.4
02/19/2022,11:00,N,6.21,6.21,5.67,2.35
02/19/2022,12:00,N,6.69,6.69,6.15,2
02/19/2022,13:00,N,9.63,8.89,7.8,1.7
02/19/2022,14:00,N,8.5,6.43,4,1.55
02/19/2022,15:00,N,8.33,8.33,4.22,4.22
02/19/2022,16:00,N,8.01,8.01,4.22,4.22
02/19/2022,17:00,N,8.9,8.9,4.22,4.22
02/19/2022,18:00,N,16.36,16.36,12.25,4.22
02/19/2022,19:00,N,25,32.15,31.65,8
02/19/2022,20:00,N,9.65,6.65,6.65,6.65
02/19/2022,21:00,N,6.55,6,6,6
02/19/2022,22:00,N,4.01,3.46,3.14,3.14
02/19/2022,23:00,N,4.1,4.1,3.5,1.09
02/19/2022,24:00,N,4,3,2.72,1.09
02/20/2022,01:00,N,4,3.65,2.15,1
02/20/2022,02:00,N,3.6,3,2.1,1
02/20/2022,03:00,N,3.58,3.58,2.1,1.05
02/20/2022,04:00,N,3.5,3.5,2.1,1.04
02/20/2022,05:00,N,7,7,2.1,1.04
02/20/2022,06:00,N,17.01,17.01,4.6,1.2
02/20/2022,07:00,N,15,16.85,9.2,2.42
02/20/2022,08:00,N,14.7,14.7,14.16,2.85
02/20/2022,09:00,N,16.48,16.48,10.68,2.62
02/20/2022,10:00,N,13.8,13.8,4.6,1.95
02/20/2022,11:00,N,9.1,9.1,3.21,1.35
02/20/2022,12:00,N,10,10,2.15,1.5
02/20/2022,13:00,N,10.47,9.75,3.5,1.35
02/20/2022,14:00,N,10,7.6,3.01,1.33
02/20/2022,15:00,N,10.4,10.4,3.01,3.14
02/20/2022,16:00,N,10.55,10.55,3.01,3.14
02/20/2022,17:00,N,12.2,12.2,3.14,3.14
02/20/2022,18:00,N,15,15.78,6.6,6.6
02/20/2022,19:00,N,15,15.9,13.15,4.01
02/20/2022,20:00,N,10,8.14,8.14,3.14
02/20/2022,21:00,N,5.25,4,4,3.14
02/20/2022,22:00,N,4.01,3,2.63,2.02
02/20/2022,23:00,N,4.25,3.65,2.77,1.05
02/20/2022,24:00,N,4.01,3.46,3.44,1.09
02/21/2022,01:00,N,4,3.19,2.1,1
02/21/2022,02:00,N,3.6,2.9,2.1,1
02/21/2022,03:00,N,3.58,3.03,2.1,1.05
02/21/2022,04:00,N,2.9,2.9,2.1,1.05
02/21/2022,05:00,N,6.47,5.59,3.01,1.05
02/21/2022,06:00,N,19.25,19.98,4.6,1.2
02/21/2022,07:00,N,12.88,19.88,9.2,2
02/21/2022,08:00,N,13.5,12.75,12.15,2.85
02/21/2022,09:00,N,15,15,7.2,3.14
02/21/2022,10:00,N,15.62,14.85,4.6,1.8
02/21/2022,11:00,N,8.84,8.84,3.01,1.65
02/21/2022,12:00,N,11.28,11.28,2.15,1.65
02/21/2022,13:00,N,14.83,14.02,4,1.65
02/21/2022,14:00,N,18,18,2.15,2
02/21/2022,15:00,N,15,14.83,4.15,6.2
02/21/2022,16:00,N,13.12,13.12,4.15,7.88
02/21/2022,17:00,N,15,15,4.15,6.2
02/21/2022,18:00,N,15,15.9,10.2,10.2
02/21/2022,19:00,N,15,15.78,13.15,5
02/21/2022,20:00,N,10.89,9.29,9.29,4.62
02/21/2022,21:00,N,5.72,5,4.46,4.22
02/21/2022,22:00,N,4,3.07,2.29,2.29
02/21/2022,23:00,N,4.01,3.33,2.53,1.09
02/21/2022,24:00,N,4.01,3,3,1.2
02/22/2022,01:00,N,4,3.45,2.15,0.99
02/22/2022,02:00,N,4,3.26,2.15,0.99
02/22/2022,03:00,N,4,3.65,2.15,1.05
02/22/2022,04:00,N,3.65,3.65,2.15,1.05
02/22/2022,05:00,N,7,7,3.01,1.05
02/22/2022,06:00,N,22.9,22.9,7.14,1.22
02/22/2022,07:00,N,25,29,13,3.3
02/22/2022,08:00,N,17.56,17.56,14.73,3.75
02/22/2022,09:00,N,25,24.36,12.36,3.14
02/22/2022,10:00,N,18,15.93,6,1.5
02/22/2022,11:00,N,8.01,7.16,5.47,1.42
02/22/2022,12:00,N,9.85,9.85,6.6,1.5
02/22/2022,13:00,N,11.92,9.85,6.6,1.52
02/22/2022,14:00,N,12.01,9.85,8.24,2.1
02/22/2022,15:00,N,12.11,12.11,8.55,8.55
02/22/2022,16:00,N,9.85,9.85,6.6,9.65
02/22/2022,17:00,N,13.85,13.85,7.29,9.65
02/22/2022,18:00,N,20.24,23.3,19.15,19.15
02/22/2022,19:00,N,19.74,22.74,22.1,8.9
02/22/2022,20:00,N,8.59,5.59,5.53,5.05
02/22/2022,21:00,N,5,4,4,3.75
02/22/2022,22:00,N,4,3.45,3.45,2
02/22/2022,23:00,N,4.35,3.65,2.85,1.02
02/22/2022,24:00,N,4.01,3.01,3.01,1.05
02/23/2022,01:00,N,3.9,3.15,2.15,1.09
02/23/2022,02:00,N,3.65,2.95,2.15,1.09
02/23/2022,03:00,N,3.5,3.15,2.15,1.22
02/23/2022,04:00,N,3.15,3.15,2.15,1.22
02/23/2022,05:00,N,4,5,3.5,1.35
02/23/2022,06:00,N,14.58,14.58,8.6,1.8
02/23/2022,07:00,N,4,15.24,11.76,11.76
02/23/2022,08:00,N,10.89,15.64,15.64,15.69
02/23/2022,09:00,N,13.74,13.74,12.65,7
02/23/2022,10:00,N,8,6.89,5.28,2.6
02/23/2022,11:00,N,6.32,6,4.71,3.14
02/23/2022,12:00,N,7.01,6.58,5.43,3.01
02/23/2022,13:00,N,8,7.28,6.15,3.14
02/23/2022,14:00,N,8,7.07,6.09,3.14
02/23/2022,15:00,N,8,8,7.03,12.42
02/23/2022,16:00,N,8,8.03,6.55,12.68
02/23/2022,17:00,N,8,8.55,7.36,11.7
02/23/2022,18:00,N,8.07,22.3,19.68,34.95
02/23/2022,19:00,N,3.5,37.41,37.41,39.05
02/23/2022,20:00,N,3.5,16.13,20.13,33.7
02/23/2022,21:00,N,3.84,17.51,21.51,34.35
02/23/2022,22:00,N,4,6,6,10.47
02/23/2022,23:00,N,4,6,6,3.14
02/23/2022,24:00,N,4,4.21,4.21,3.14
02/24/2022,01:00,N,2.85,2.85,2.45,3.14
02/24/2022,02:00,N,2.49,2.49,2.15,3.14
02/24/2022,03:00,N,3,3.43,3.04,2.2
02/24/2022,04:00,N,2.51,3.51,3.5,2.2
02/24/2022,05:00,N,4,5,4.39,2.2
02/24/2022,06:00,N,4,12.96,11.96,3.8
02/24/2022,07:00,N,4.51,58.15,47.15,45.57
02/24/2022,08:00,N,4,40,40,42.81
02/24/2022,09:00,N,7,28.51,28.51,33.91
02/24/2022,10:00,N,7.01,18.2,3.5,4.07
02/24/2022,11:00,N,5,12.84,4.15,3.14
02/24/2022,12:00,N,7.01,8.85,2,3.14
02/24/2022,13:00,N,7.16,7.01,4.15,3.14
02/24/2022,14:00,N,5,5,4.17,3.14
02/24/2022,15:00,N,5.43,5.43,4.95,9.24
02/24/2022,16:00,N,5.31,5.86,4.95,7.11
02/24/2022,17:00,N,5.45,6.7,5.67,7.95
02/24/2022,18:00,N,5,14.92,14.26,18
02/24/2022,19:00,N,3.5,25.67,25.67,27.31
02/24/2022,20:00,N,1.69,4.92,6.42,17.05
02/24/2022,21:00,N,3.5,5.54,6.77,13.24
02/24/2022,22:00,N,3.5,4.05,4.05,7.85
02/24/2022,23:00,N,3.62,3.62,3.01,3.01
02/24/2022,24:00,N,3.12,2.57,2.18,1.9
02/25/2022,01:00,N,3.5,4.5,4.5,8.45
02/25/2022,02:00,N,3.39,4.39,4.39,8.74
02/25/2022,03:00,N,3.5,5.35,5.35,10.75
02/25/2022,04:00,N,3,5.05,5.05,10.84
02/25/2022,05:00,N,3,6.37,5.75,10.95
02/25/2022,06:00,N,21.33,27.87,27.38,40
02/25/2022,07:00,N,2.33,128.46,120.46,153.81
02/25/2022,08:00,N,5,90.85,90.85,152.18
02/25/2022,09:00,N,25.65,30.65,30.08,65.51
02/25/2022,10:00,N,13.5,16.43,14.93,40
02/25/2022,11:00,N,11.6,12.85,12.85,25
02/25/2022,12:00,N,8,8.88,7.55,8.46
02/25/2022,13:00,N,7.36,7.36,6.15,6.85
02/25/2022,14:00,N,7,7,6.15,6.85
02/25/2022,15:00,N,6.77,7.32,6.15,18.67
02/25/2022,16:00,N,7,7.58,6.35,18
02/25/2022,17:00,N,7.01,12.72,6.15,19.92
02/25/2022,18:00,N,5,18.94,17.44,40
02/25/2022,19:00,N,5,25.87,25.31,40
02/25/2022,20:00,N,4.89,6.64,8,34.05
02/25/2022,21:00,N,3.75,5,5,29.69
02/25/2022,22:00,N,5,5.98,5.98,15.84
02/25/2022,23:00,N,5,4.85,4.46,3.65
02/25/2022,24:00,N,3.03,2.55,2.4,3.14
02/26/2022,01:00,N,3.89,3.89,3.5,2
02/26/2022,02:00,N,3.1,3.1,3.1,2
02/26/2022,03:00,N,2.55,3.1,3.1,2.9
02/26/2022,04:00,N,2.1,3.35,3.1,2.9
02/26/2022,05:00,N,3.5,4.28,4.11,2.9
02/26/2022,06:00,N,20.51,23.08,20.15,3.25
02/26/2022,07:00,N,4.93,54.04,52.46,42.65
02/26/2022,08:00,N,10.56,40.15,40.15,42.65
02/26/2022,09:00,N,35,40.15,40.15,48.29
02/26/2022,10:00,N,18,40.3,40.15,42.65
02/26/2022,11:00,N,14.6,15.85,15.85,40
02/26/2022,12:00,N,12,13.25,12.15,37.25
02/26/2022,13:00,N,9.61,10.85,10.46,12.1
02/26/2022,14:00,N,9.47,9.47,9.08,3.5
02/26/2022,15:00,N,8,8.83,7.35,12.15
02/26/2022,16:00,N,8,9.53,7.64,10.78
02/26/2022,17:00,N,8,10.9,7.64,12.15
02/26/2022,18:00,N,7.01,32.23,30.99,42.87
02/26/2022,19:00,N,4.29,49.78,49.78,57.38
02/26/2022,20:00,N,5,25,29,54.35
02/26/2022,21:00,N,3.5,25,26.63,43.44
02/26/2022,22:00,N,7.1,10.85,10.85,36.43
02/26/2022,23:00,N,5.92,6.49,6.49,3.01
02/26/2022,24:00,N,3.13,3.68,3.68,1.75
02/27/2022,01:00,N,2.1,3.1,3.1,2.55
02/27/2022,02:00,N,0.5,2.04,2.04,2.2
02/27/2022,03:00,N,0.1,1.98,1.8,2.64
02/27/2022,04:00,N,0.01,1.43,1.09,2.55
02/27/2022,05:00,N,1.47,2.72,2.16,2.55
02/27/2022,06:00,N,9.13,9.86,8.77,2.55
02/27/2022,07:00,N,4.47,28.45,21.41,21.09
02/27/2022,08:00,N,12.7,17.7,17.7,14.28
02/27/2022,09:00,N,12.34,12.66,12.19,5.46
02/27/2022,10:00,N,6.7,5.45,4.3,4.3
02/27/2022,11:00,N,4,3.78,3.14,3.14
02/27/2022,12:00,N,4,3.09,1.96,3.01
02/27/2022,13:00,N,8,4,2.12,2
02/27/2022,14:00,N,8,3.23,2.14,2.14
02/27/2022,15:00,N,5.57,3.01,1.4,5
02/27/2022,16:00,N,5.96,4.85,1.52,5
02/27/2022,17:00,N,5.85,5.3,1.8,5.6
02/27/2022,18:00,N,9.54,9.54,7.43,9.43
02/27/2022,19:00,N,15,27.38,27.38,36.6
02/27/2022,20:00,N,15,16.75,18.25,23.04
02/27/2022,21:00,N,8,9.29,11,21.01
02/27/2022,22:00,N,4,4.98,4.98,10
02/27/2022,23:00,N,4,4,3.26,2.15
02/27/2022,24:00,N,2.78,1.8,1.8,1.53
02/28/2022,01:00,N,2.68,2.68,2.11,1.89
02/28/2022,02:00,N,2.59,2.29,1.89,1.7
02/28/2022,03:00,N,2.67,2.67,1.78,2.02
02/28/2022,04:00,N,1.25,2.41,2.01,2.12
02/28/2022,05:00,N,3.25,3.8,2.32,2.2
02/28/2022,06:00,N,10.39,13.96,9.46,2.55
02/28/2022,07:00,N,4.23,80.73,79.15,80.92
02/28/2022,08:00,N,7.01,35.85,35.85,39.65
02/28/2022,09:00,N,7.84,8.57,8,8
02/28/2022,10:00,N,5.34,4.36,3.61,3.5
02/28/2022,11:00,N,4.49,3.94,3.14,3.14
02/28/2022,12:00,N,4,3.97,2.5,2.5
02/28/2022,13:00,N,8,4.88,3.41,2.12
02/28/2022,14:00,N,8,6.15,2.12,2
02/28/2022,15:00,N,8,5.93,1.3,5
02/28/2022,16:00,N,8,8,1.61,5
02/28/2022,17:00,N,8,8,3.6,5.6
02/28/2022,18:00,N,11.78,11.78,10.3,10.3
02/28/2022,19:00,N,19.66,25.66,25.1,27.1
02/28/2022,20:00,N,9.81,6.3,9.22,13.35
02/28/2022,21:00,N,6.26,5.55,5.55,5.55
02/28/2022,22:00,N,4,3.51,3.51,3.79
02/28/2022,23:00,N,3.63,2.78,2.12,2.12
02/28/2022,24:00,N,2.75,1.5,1.5,1.5
03/01/2022,01:00,N,4,3.48,2,1
03/01/2022,02:00,N,3.15,2.6,1.67,1
03/01/2022,03:00,N,2.57,1.84,1.36,1.09
03/01/2022,04:00,N,2.71,2.71,2,1.53
03/01/2022,05:00,N,3.5,3.5,2.11,2
03/01/2022,06:00,N,4,8.91,5.05,5.05
03/01/2022,07:00,N,12.11,53.7,53.7,55.67
03/01/2022,08:00,N,43,52.15,52.15,54.02
03/01/2022,09:00,N,15.15,15.15,14.95,17.46
03/01/2022,10:00,N,13.5,10.52,8.1,8.1
03/01/2022,11:00,N,7.11,7.06,3.5,3.14
03/01/2022,12:00,N,8,5.25,3.25,2.71
03/01/2022,13:00,N,8.8,8.8,2,1.94
03/01/2022,14:00,N,8.8,8.8,2,1.67
03/01/2022,15:00,N,8.06,8.06,3.01,3.01
03/01/2022,16:00,N,8,8,2.59,3.01
03/01/2022,17:00,N,8,7.17,1.98,3.14
03/01/2022,18:00,N,12.01,11.46,9.59,9.59
03/01/2022,19:00,N,26.44,30.09,25.69,24.99
03/01/2022,20:00,N,14.43,15.28,12.94,7.75
03/01/2022,21:00,N,7.63,6.38,6.38,1.14
03/01/2022,22:00,N,4,3.65,3.25,1.5
03/01/2022,23:00,N,4.01,3.51,2.53,1.09
03/01/2022,24:00,N,4,2.75,2,1.14
03/02/2022,01:00,N,7.04,6.24,1.98,0.99
03/02/2022,02:00,N,4,3.53,1.98,0.99
03/02/2022,03:00,N,4,3.13,1.98,1
03/02/2022,04:00,N,4,4,2,1.04
03/02/2022,05:00,N,3.5,2.93,2,1.4
03/02/2022,06:00,N,7.11,7.52,7.13,1.7
03/02/2022,07:00,N,4.13,51.79,51.17,49.5
03/02/2022,08:00,N,17.01,34.61,34.22,35.16
03/02/2022,09:00,N,11.29,11.29,10.58,10.58
03/02/2022,10:00,N,12.01,9.62,4.84,4.4
03/02/2022,11:00,N,9,5.98,4.26,2.5
03/02/2022,12:00,N,8,8,4.01,2.05
03/02/2022,13:00,N,12,9.93,3.25,1.4
03/02/2022,14:00,N,12,9.4,3.25,1.4
03/02/2022,15:00,N,9.71,8.9,2.81,2.8
03/02/2022,16:00,N,9.44,8.59,2.45,2.45
03/02/2022,17:00,N,12,9.81,2.92,2.8
03/02/2022,18:00,N,15,13.63,10.89,7
03/02/2022,19:00,N,33.64,39.15,31.75,24.5
03/02/2022,20:00,N,17.46,17.47,16.28,5
03/02/2022,21:00,N,9.54,7.86,8,1.62
03/02/2022,22:00,N,7.11,4.53,3.5,2
03/02/2022,23:00,N,8.13,8.13,3.5,1.61
03/02/2022,24:00,N,8,5.11,2.01,1.5
03/03/2022,01:00,N,7.11,6.13,3.5,1.14
03/03/2022,02:00,N,4,4,3.1,1.09
03/03/2022,03:00,N,4,3.93,3.1,1.97
03/03/2022,04:00,N,4.1,4,3.39,1.97
03/03/2022,05:00,N,4.72,4.65,4.04,1.99
03/03/2022,06:00,N,12,12,11.54,2.4
03/03/2022,07:00,N,20,35.02,34.43,34.43
03/03/2022,08:00,N,32.18,32.18,31.5,31.02
03/03/2022,09:00,N,30.84,17.9,13.1,6.95
03/03/2022,10:00,N,26,19.65,10.09,4.84
03/03/2022,11:00,N,18,13.85,6.85,3.3
03/03/2022,12:00,N,13.8,11.75,5.35,2.1
03/03/2022,13:00,N,22.74,9.5,5,1.97
03/03/2022,14:00,N,18,9,5,1.99
03/03/2022,15:00,N,18,10.36,4.11,3.5
03/03/2022,16:00,N,18,10.51,4.11,3.5
03/03/2022,17:00,N,18,15.95,5,3.26
03/03/2022,18:00,N,17.62,20.62,16.15,11.68
03/03/2022,19:00,N,27.5,30.97,25,15.5
03/03/2022,20:00,N,14.43,14.43,9.91,3
03/03/2022,21:00,N,7.81,6.6,6.09,1.99
03/03/2022,22:00,N,8.61,8.54,8.11,2
03/03/2022,23:00,N,8.95,8.95,8.15,1.73
03/03/2022,24:00,N,6,4.85,4.15,1.5
03/04/2022,01:00,N,11.5,8.93,8.13,1.09
03/04/2022,02:00,N,10.92,8.9,8.9,1.05
03/04/2022,03:00,N,10.14,8.75,8.75,1.14
03/04/2022,04:00,N,8,7.26,5.01,1.14
03/04/2022,05:00,N,7.8,6.13,5.53,1.14
03/04/2022,06:00,N,18.01,16.3,15.5,1.99
03/04/2022,07:00,N,26.71,30.02,28.47,28.47
03/04/2022,08:00,N,35,38,36.39,38
03/04/2022,09:00,N,30,16.06,12.33,6.95
03/04/2022,10:00,N,25,17.08,8.08,4.02
03/04/2022,11:00,N,14.66,13.85,10.47,3.14
03/04/2022,12:00,N,10.56,9.8,5.01,2
03/04/2022,13:00,N,12,10.38,7.25,1.97
03/04/2022,14:00,N,18,14.85,7.25,1.99
03/04/2022,15:00,N,12,10.54,7.25,4.01
03/04/2022,16:00,N,18,17.14,6,4.01
03/04/2022,17:00,N,18,18,7.25,4.22
03/04/2022,18:00,N,30,30,20,10
03/04/2022,19:00,N,32.15,35.15,34.07,5
03/04/2022,20:00,N,30,31,29.41,4.22
03/04/2022,21:00,N,10.15,10.15,8.63,3.14
03/04/2022,22:00,N,12.02,11.09,10,3
03/04/2022,23:00,N,16,15.15,12.99,2.15
03/04/2022,24:00,N,11.6,8.85,8.15,1.5
03/05/2022,01:00,N,15.52,15.52,14.94,1.09
03/05/2022,02:00,N,15.56,15,15,1.09
03/05/2022,03:00,N,13,12.33,12.33,1.75
03/05/2022,04:00,N,9.72,9.61,9.01,1.75
03/05/2022,05:00,N,10.23,9.65,9.65,1.75
03/05/2022,06:00,N,27.66,27.66,27,2.22
03/05/2022,07:00,N,27.17,37.59,37,7.8
03/05/2022,08:00,N,30,31,30.32,7.8
03/05/2022,09:00,N,37.99,34.06,33.45,6.95
03/05/2022,10:00,N,71.88,71.2,18.85,5
03/05/2022,11:00,N,22.75,22.75,18.85,3.3
03/05/2022,12:00,N,20,20,16.1,2.45
03/05/2022,13:00,N,16.75,16.75,15.25,2.22
03/05/2022,14:00,N,17.29,16.77,15.25,2.02
03/05/2022,15:00,N,16.75,16.75,15.25,3.5
03/05/2022,16:00,N,17.65,17.13,15.25,5
03/05/2022,17:00,N,11.97,11.09,8.11,4.41
03/05/2022,18:00,N,15.15,15.15,14.75,14.75
03/05/2022,19:00,N,20,60.07,59.43,50.5
03/05/2022,20:00,N,20,48.25,47.73,33.46
03/05/2022,21:00,N,8.01,12,12,15.05
03/05/2022,22:00,N,7.11,7.11,6.61,3.85
03/05/2022,23:00,N,6,5.79,5,2.42
03/05/2022,24:00,N,6,4.55,4.15,1.65
03/06/2022,01:00,N,13,13,12.46,1.75
03/06/2022,02:00,N,10,10.16,10.16,1.5
03/06/2022,03:00,N,10,10.35,10.35,2.45
03/06/2022,04:00,N,8,10.07,10.07,2.45
03/06/2022,05:00,N,8,15.65,15.1,2.45
03/06/2022,06:00,N,31.8,31.8,31,3.1
03/06/2022,07:00,N,30,65.1,37,10
03/06/2022,08:00,N,30,30,25.5,10
03/06/2022,09:00,N,30,23.15,21.45,10
03/06/2022,10:00,N,138,130.93,8.3,8.3
03/06/2022,11:00,N,27,27,15.04,5
03/06/2022,12:00,N,13,13,10,4
03/06/2022,13:00,N,15.94,15.42,13.6,3.15
03/06/2022,14:00,N,17.2,15.85,13.7,3.31
03/06/2022,15:00,N,16.47,15.95,14.3,20
03/06/2022,16:00,N,16.71,15.4,15.2,20
03/06/2022,17:00,N,18.42,16.27,15.25,20
03/06/2022,18:00,N,20.65,20.65,20.11,20.65
03/06/2022,19:00,N,30,52.72,52.16,50
03/06/2022,20:00,N,21.71,25.71,25,25
03/06/2022,21:00,N,10.71,10.71,10,10
03/06/2022,22:00,N,8,7.7,7,5.05
03/06/2022,23:00,N,11,11,9.5,2.62
03/06/2022,24:00,N,11,9.85,9.53,1.8
03/07/2022,01:00,N,18,18,17.2,1.14
03/07/2022,02:00,N,11,11,10.44,1.39
03/07/2022,03:00,N,9.65,9.65,9.65,1.97
03/07/2022,04:00,N,8.01,10,10,1.97
03/07/2022,05:00,N,9.65,9.65,9.65,1.97
03/07/2022,06:00,N,22.2,22.2,20.73,3.01
03/07/2022,07:00,N,20,30.15,27.63,10
03/07/2022,08:00,N,30,33,32.4,37.2
03/07/2022,09:00,N,25,17.15,16.44,10
03/07/2022,10:00,N,20,14.3,8,6.95
03/07/2022,11:00,N,13,12.15,9.83,4.65
03/07/2022,12:00,N,11.68,11.68,10.1,3.5
03/07/2022,13:00,N,12.13,11.37,10,4
03/07/2022,14:00,N,13,9.85,8.5,3.5
03/07/2022,15:00,N,13,11.9,10.98,16.98
03/07/2022,16:00,N,13,12.14,10.98,25
03/07/2022,17:00,N,17.18,16.3,15.25,25
03/07/2022,18:00,N,20.15,23.41,23,25
03/07/2022,19:00,N,20,76.94,76.3,79.96
03/07/2022,20:00,N,20,48.93,48.41,50.18
03/07/2022,21:00,N,10.15,19.32,19.32,34.93
03/07/2022,22:00,N,7.33,7.33,6.83,6.75
03/07/2022,23:00,N,6.5,6.5,5,3.1
03/07/2022,24:00,N,6.18,5.87,5.47,1.97
03/08/2022,01:00,N,4.04,3.5,3.5,3.14
03/08/2022,02:00,N,3.8,3.1,3.1,3.14
03/08/2022,03:00,N,3.7,3.11,3.1,2.45
03/08/2022,04:00,N,3.1,3.1,3.1,2.45
03/08/2022,05:00,N,4,4.2,4.53,2.45
03/08/2022,06:00,N,7.01,14.19,13.6,11.22
03/08/2022,07:00,N,5.7,93.15,93.15,88.77
03/08/2022,08:00,N,20,97.27,96.87,97.27
03/08/2022,09:00,N,35,72.17,72.17,74.17
03/08/2022,10:00,N,20,38.65,36.86,40
03/08/2022,11:00,N,13,27.19,26.59,26.88
03/08/2022,12:00,N,8,24,21.88,25
03/08/2022,13:00,N,12.11,14.55,13.84,19.34
03/08/2022,14:00,N,9.9,9.9,9.25,10
03/08/2022,15:00,N,9.87,9.87,9.25,20
03/08/2022,16:00,N,8.76,8.76,8.11,16.48
03/08/2022,17:00,N,13,16.85,15.35,20
03/08/2022,18:00,N,20,40,39.61,40
03/08/2022,19:00,N,20,83,83,76.5
03/08/2022,20:00,N,13.04,77.82,77.81,75
03/08/2022,21:00,N,14.02,35.22,39.22,40
03/08/2022,22:00,N,9.22,12.99,14.5,20
03/08/2022,23:00,N,5.09,8.25,8.25,10.58
03/08/2022,24:00,N,5.55,5.55,6.49,8.13
03/09/2022,01:00,N,4,7.1,7.1,4.1
03/09/2022,02:00,N,3.46,6.65,7.1,3.14
03/09/2022,03:00,N,2.09,5.43,7,4.1
03/09/2022,04:00,N,1.62,6.65,6.65,4.1
03/09/2022,05:00,N,1.75,7.1,7.1,4.1
03/09/2022,06:00,N,4,33.31,31.78,36.68
03/09/2022,07:00,N,6.55,183.02,183.52,187.66
03/09/2022,08:00,N,13.5,127.15,131.15,143.6
03/09/2022,09:00,N,14.91,31.91,34.91,40.99
03/09/2022,10:00,N,21.16,21.16,19.66,21.66
03/09/2022,11:00,N,10.98,9.49,9.49,13.41
03/09/2022,12:00,N,11.18,7.25,7.25,6.1
03/09/2022,13:00,N,14.61,7.65,7.25,5
03/09/2022,14:00,N,13,5.2,5,5
03/09/2022,15:00,N,13.9,7.65,7.25,10.1
03/09/2022,16:00,N,13.39,8.04,7.25,10.1
03/09/2022,17:00,N,18.98,10.5,10.1,10.1
03/09/2022,18:00,N,19.62,18,17.6,17.6
03/09/2022,19:00,N,35,44.79,44.15,29.7
03/09/2022,20:00,N,20,40.15,40.15,25.68
03/09/2022,21:00,N,14.57,10.57,14.57,8.85
03/09/2022,22:00,N,9.94,9.44,9.44,5.55
03/09/2022,23:00,N,8.92,7.69,7.69,2.75
03/09/2022,24:00,N,7.47,5.45,5.45,1.45
03/10/2022,01:00,N,8,4.65,4.11,1.09
03/10/2022,02:00,N,4,3,3,1.05
03/10/2022,03:00,N,4.21,3,3,1.5
03/10/2022,04:00,N,7.11,3.3,3.1,1.58
03/10/2022,05:00,N,7.43,6.65,6.07,1.58
03/10/2022,06:00,N,16.04,16.04,15.64,2.75
03/10/2022,07:00,N,33.5,53.53,53.53,53.53
03/10/2022,08:00,N,40.7,43.15,45.15,45.15
03/10/2022,09:00,N,26.86,26.39,26.39,26.39
03/10/2022,10:00,N,19.46,14.39,13.06,14.7
03/10/2022,11:00,N,12.87,11.05,10.85,5.6
03/10/2022,12:00,N,12,7,7.5,4.1
03/10/2022,13:00,N,12,8.07,8.07,4.1
03/10/2022,14:00,N,13.82,8.75,8.75,4.1
03/10/2022,15:00,N,12,7.65,7.25,7.25
03/10/2022,16:00,N,12,7.71,7.1,7.1
03/10/2022,17:00,N,13.1,8.26,7.1,7.1
03/10/2022,18:00,N,20.97,17.75,17.75,14.95
03/10/2022,19:00,N,35,40,40,21.25
03/10/2022,20:00,N,31.15,31.15,30.95,7.18
03/10/2022,21:00,N,20,4,19.26,4.05
03/10/2022,22:00,N,8,6.83,6.83,3
03/10/2022,23:00,N,7.01,5.12,5.12,2
03/10/2022,24:00,N,7.43,3.5,3.5,1.58
03/11/2022,01:00,N,8,4.65,4.25,1.08
03/11/2022,02:00,N,4,2.94,2.54,1.08
03/11/2022,03:00,N,4,2.43,2.23,1.5
03/11/2022,04:00,N,4.25,2.43,2.23,1.5
03/11/2022,05:00,N,7.02,5.46,5,1.14
03/11/2022,06:00,N,12.15,12.15,12.15,2.05
03/11/2022,07:00,N,8.01,26.17,26.17,11.88
03/11/2022,08:00,N,27.4,27.4,27.9,25
03/11/2022,09:00,N,20.19,18.01,21.19,21.19
03/11/2022,10:00,N,13.51,12.79,11.49,16.39
03/11/2022,11:00,N,11.44,10.92,9.42,7.4
03/11/2022,12:00,N,9.62,8.03,8.03,5
03/11/2022,13:00,N,9,6.5,6.5,4.99
03/11/2022,14:00,N,10.6,8.65,4.1,4.1
03/11/2022,15:00,N,9.93,7,5,5
03/11/2022,16:00,N,9.93,7.98,5,5
03/11/2022,17:00,N,20,20,6.85,4.45
03/11/2022,18:00,N,25.49,25.49,25,34.89
03/11/2022,19:00,N,35,42.93,42.53,42.53
03/11/2022,20:00,N,25.79,74.73,74.34,75.98
03/11/2022,21:00,N,18.93,53,63.73,69.98
03/11/2022,22:00,N,7.01,28.85,28.85,57.8
03/11/2022,23:00,N,7.01,18.79,18.26,21.26
03/11/2022,24:00,N,8,10.8,10.8,4.62
03/12/2022,01:00,N,4.62,24.64,24.64,4.15
03/12/2022,02:00,N,4,21.8,21.8,4.15
03/12/2022,03:00,N,4,20.54,21.23,12.85
03/12/2022,04:00,N,3.5,25.69,26.95,18.2
03/12/2022,05:00,N,3.5,27.51,28.87,30.75
03/12/2022,06:00,N,5.62,54.12,54.12,55.76
03/12/2022,07:00,N,14.66,108.16,108.16,109.04
03/12/2022,08:00,N,35,91.87,91.87,96.43
03/12/2022,09:00,N,35,43,43,44.32
03/12/2022,10:00,N,20,20,18.5,11.4
03/12/2022,11:00,N,13.5,14.97,13.48,4.99
03/12/2022,12:00,N,9.44,8.65,7.97,4.4
03/12/2022,13:00,N,12,7.8,7,3.25
03/12/2022,14:00,N,12.43,10,3.5,3.05
03/12/2022,15:00,N,13.6,8.6,4.8,4.8
03/12/2022,16:00,N,13.01,8.75,4.8,4.8
03/12/2022,17:00,N,24.59,22.45,6.85,4.99
03/12/2022,18:00,N,20.05,16.05,15.46,15.3
03/12/2022,19:00,N,35,39,38.36,32.02
03/12/2022,20:00,N,20,24.32,23.67,20
03/12/2022,21:00,N,15,10.92,14.26,8.85
03/12/2022,22:00,N,12,10.15,10.15,5.75
03/12/2022,23:00,N,14.17,12.15,12.15,3.14
03/12/2022,24:00,N,10.96,8.94,8.94,3
03/13/2022,01:00,N,10.72,10.15,10.15,1.78
03/13/2022,02:00,N,8,9.38,9.55,2.75
03/13/2022,04:00,N,8.26,8.26,9.6,3.14
03/13/2022,05:00,N,7.22,6.3,7.2,3.03
03/13/2022,06:00,N,13.11,13.11,13.11,4.02
03/13/2022,07:00,N,7.5,38.5,38.1,38.5
03/13/2022,08:00,N,31.77,48.45,48.45,48.45
03/13/2022,09:00,N,34.48,34.48,34.48,34.48
03/13/2022,10:00,N,20,18.43,18.03,9.12
03/13/2022,11:00,N,17.43,16.61,13.71,4.6
03/13/2022,12:00,N,15.34,14.45,11.07,4.1
03/13/2022,13:00,N,23.18,21.75,18.85,4.02
03/13/2022,14:00,N,26.43,25,14.85,4.02
03/13/2022,15:00,N,24.33,22.9,14.85,8.5
03/13/2022,16:00,N,24.85,23.9,14.85,8.5
03/13/2022,17:00,N,33,33,14.85,8.5
03/13/2022,18:00,N,50,50,28.15,15.3
03/13/2022,19:00,N,49.76,51,49.94,10.55
03/13/2022,20:00,N,35,43,42.4,13.1
03/13/2022,21:00,N,20.2,17.51,21.51,12
03/13/2022,22:00,N,12,11.98,11.98,5
03/13/2022,23:00,N,14.53,13.01,13.01,3
03/13/2022,24:00,N,11.54,9.6,10,3
03/14/2022,01:00,N,15.39,14.85,14.85,2.39
03/14/2022,02:00,N,9.87,10,10.85,2.4
03/14/2022,03:00,N,9.69,9.69,10.67,3.1
03/14/2022,04:00,N,9.56,9.1,10.85,3.1
03/14/2022,05:00,N,11.4,9.6,12.85,3.1
03/14/2022,06:00,N,28.08,28.08,28.15,3.8
03/14/2022,07:00,N,32.63,38.15,37.55,18.57
03/14/2022,08:00,N,34.15,34.15,34.15,28.08
03/14/2022,09:00,N,35,30.15,33.66,20
03/14/2022,10:00,N,33,28,25.15,8.28
03/14/2022,11:00,N,21.78,19.35,16.45,4.05
03/14/2022,12:00,N,15,14.15,12.65,3.14
03/14/2022,13:00,N,18.68,14.75,13.35,3.07
03/14/2022,14:00,N,25.65,23.7,13.35,3.14
03/14/2022,15:00,N,28.02,25,13.35,13.35
03/14/2022,16:00,N,24.66,23.8,17.35,17.35
03/14/2022,17:00,N,87.73,86.85,17.35,17.35
03/14/2022,18:00,N,60,59.48,33.15,20
03/14/2022,19:00,N,43.71,44.15,43.15,8.3
03/14/2022,20:00,N,35,37.28,36.68,20
03/14/2022,21:00,N,50,51.75,55.74,52.81
03/14/2022,22:00,N,19.2,18.56,18.56,17.65
03/14/2022,23:00,N,14.4,13.12,12.92,2.95
03/14/2022,24:00,N,12.32,10.85,10.85,2.4
03/15/2022,01:00,N,11.85,11.85,10.85,1.7
03/15/2022,02:00,N,7.6,7.6,7.04,1.35
03/15/2022,03:00,N,7.31,7.31,6.85,2.5
03/15/2022,04:00,N,8,8,8,2.94
03/15/2022,05:00,N,8.85,8.85,8.85,2.89
03/15/2022,06:00,N,19.35,19.35,19.42,3.45
03/15/2022,07:00,N,20,30.15,30,16.96
03/15/2022,08:00,N,34.15,34.15,33.98,27.67
03/15/2022,09:00,N,35,30.15,33.89,20
03/15/2022,10:00,N,21.76,20,17.1,5.63
03/15/2022,11:00,N,17.78,15.35,12.45,3.15
03/15/2022,12:00,N,12.59,12.07,8.69,3.14
03/15/2022,13:00,N,17.28,13.35,12.65,3.14
03/15/2022,14:00,N,13,9.35,9,3.1
03/15/2022,15:00,N,14.11,12.16,9.18,7.71
03/15/2022,16:00,N,12,9.7,8.65,4.99
03/15/2022,17:00,N,15.3,13.35,9.27,4.99
03/15/2022,18:00,N,13.18,12.51,11.86,11.86
03/15/2022,19:00,N,15,25.83,25.19,12.15
03/15/2022,20:00,N,15.17,103.11,103.1,103.11
03/15/2022,21:00,N,5,51.15,51.15,57.4
03/15/2022,22:00,N,8,10.85,10.85,10
03/15/2022,23:00,N,7.3,7.3,7.91,3.14
03/15/2022,24:00,N,8,7.29,7.29,2.25
03/16/2022,01:00,N,12.5,12.5,11.93,1.29
03/16/2022,02:00,N,9.87,10.85,10.85,1.22
03/16/2022,03:00,N,9.87,10.85,10.85,2.75
03/16/2022,04:00,N,11.43,11.43,10.85,2.75
03/16/2022,05:00,N,8,13.43,12.85,2.75
03/16/2022,06:00,N,36.15,36.15,36.15,3.14
03/16/2022,07:00,N,35,43,43,15
03/16/2022,08:00,N,35,35,35,21.85
03/16/2022,09:00,N,35.67,31.15,35.15,8
03/16/2022,10:00,N,28.3,25.47,25.15,4
03/16/2022,11:00,N,20,17.35,16.45,2.6
03/16/2022,12:00,N,15.48,12.91,12.65,2.5
03/16/2022,13:00,N,25.72,20.65,20.65,2.45
03/16/2022,14:00,N,77.91,72.84,72.84,2.8
03/16/2022,15:00,N,76.22,70,70,5
03/16/2022,16:00,N,108,107.29,20.65,5
03/16/2022,17:00,N,50,49.24,20.65,5
03/16/2022,18:00,N,46.22,44.27,41.15,15
03/16/2022,19:00,N,35,35.71,35.15,6.45
03/16/2022,20:00,N,33.15,35.15,35.15,18.23
03/16/2022,21:00,N,20,19.88,20,5
03/16/2022,22:00,N,12,9.98,9.98,3.14
03/16/2022,23:00,N,19.43,15.5,15,1.65
03/16/2022,24:00,N,18.78,14.85,14.85,1.25
03/17/2022,01:00,N,15.65,15.65,14.85,1.14
03/17/2022,02:00,N,10.78,10.85,10.85,1.14
03/17/2022,03:00,N,10.85,10.85,10.85,2.4
03/17/2022,04:00,N,9.87,10.85,10.85,2.31
03/17/2022,05:00,N,12.3,13.43,12.85,2.21
03/17/2022,06:00,N,24.04,24.04,23.38,2.72
03/17/2022,07:00,N,30,37.15,37.15,7.3
03/17/2022,08:00,N,39.54,37.15,41.15,7.3
03/17/2022,09:00,N,45,37.15,43,8
03/17/2022,10:00,N,47.55,42.55,41.15,5.6
03/17/2022,11:00,N,75,74.15,20.45,4.85
03/17/2022,12:00,N,38,30,18,5
03/17/2022,13:00,N,25.05,23.65,20.65,3.5
03/17/2022,14:00,N,23.53,20.6,20,3.91
03/17/2022,15:00,N,23,22.05,19.05,15
03/17/2022,16:00,N,20.28,17.35,16.65,15
03/17/2022,17:00,N,24.51,23.63,20.65,15
03/17/2022,18:00,N,35,33.98,32.98,20
03/17/2022,19:00,N,41.75,43.75,43.15,7.3
03/17/2022,20:00,N,35,37.15,36.95,7.3
03/17/2022,21:00,N,25.15,22.86,26.86,5.6
03/17/2022,22:00,N,20,17.98,17.98,4.75
03/17/2022,23:00,N,16.87,15.35,14.85,2.4
03/17/2022,24:00,N,13.01,11.36,11.36,1.55
03/18/2022,01:00,N,19.45,19.45,18.85,1.24
03/18/2022,02:00,N,10,10,11.29,1.22
03/18/2022,03:00,N,9.55,9.55,11.12,2.18
03/18/2022,04:00,N,8,10.65,12.31,2.05
03/18/2022,05:00,N,14.01,14.99,14.99,2.05
03/18/2022,06:00,N,27.12,27.19,26.59,2.72
03/18/2022,07:00,N,30,35.33,34.74,5.6
03/18/2022,08:00,N,39.59,34.91,38.91,8
03/18/2022,09:00,N,45,33.15,37.15,7.3
03/18/2022,10:00,N,38,33.48,29.15,6.45
03/18/2022,11:00,N,27.64,27.12,24.45,4.02
03/18/2022,12:00,N,23,23,20.65,4.01
03/18/2022,13:00,N,23.65,23.65,20.65,3.85
03/18/2022,14:00,N,23,23,20,4.02
03/18/2022,15:00,N,20,19.32,18.52,14.65
03/18/2022,16:00,N,14.48,13.6,13,15
03/18/2022,17:00,N,13.65,13.58,12.65,11.25
03/18/2022,18:00,N,12.14,12.21,12.01,11.36
03/18/2022,19:00,N,12.23,22.75,22.75,13.85
03/18/2022,20:00,N,12.11,82.76,82.76,82.76
03/18/2022,21:00,N,20,47.15,51.15,65.32
03/18/2022,22:00,N,4.34,24.86,26.03,26.03
03/18/2022,23:00,N,8,14.85,14.45,13.8
03/18/2022,24:00,N,5,5.61,5.61,4.96
03/19/2022,01:00,N,5,11.24,11.24,3.1
03/19/2022,02:00,N,4,6.85,6.85,2.75
03/19/2022,03:00,N,4,4.98,4.98,3.45
03/19/2022,04:00,N,3.3,3.37,3.37,3
03/19/2022,05:00,N,3.48,3.5,3.5,2.72
03/19/2022,06:00,N,6,8.85,8.26,2.75
03/19/2022,07:00,N,4,12.85,12.34,6.45
03/19/2022,08:00,N,10.72,10.72,10.5,6.67
03/19/2022,09:00,N,15.12,14.82,14.41,6.21
03/19/2022,10:00,N,14.43,10.5,9.19,5.32
03/19/2022,11:00,N,13.37,12.85,11.77,3.5
03/19/2022,12:00,N,10.24,10.24,8.99,3.01
03/19/2022,13:00,N,12.01,11.4,10.13,2.8
03/19/2022,14:00,N,12.66,12.59,11.89,3.08
03/19/2022,15:00,N,14.06,13.25,12.65,11.85
03/19/2022,16:00,N,9.82,9.75,9.11,11.85
03/19/2022,17:00,N,11.33,10.52,9.85,11.85
03/19/2022,18:00,N,10.88,10.5,10.2,15
03/19/2022,19:00,N,15,18.92,18.86,7.9
03/19/2022,20:00,N,12.11,68.41,68.02,68.5
03/19/2022,21:00,N,7.11,14.99,14.99,25.85
03/19/2022,22:00,N,11.43,10.85,10.85,7.05
03/19/2022,23:00,N,12.87,10.85,10.85,2.4
03/19/2022,24:00,N,11.46,9.5,10,1.4
03/20/2022,01:00,N,15.31,14.85,14.31,1.5
03/20/2022,02:00,N,15.55,14.85,14.85,1.5
03/20/2022,03:00,N,13.01,12.41,12.41,2.4
03/20/2022,04:00,N,9.51,9.51,9.01,2.05
03/20/2022,05:00,N,8.01,9.01,9.01,2.05
03/20/2022,06:00,N,25,25,24.07,2.72
03/20/2022,07:00,N,28.83,28.83,28.15,5.51
03/20/2022,08:00,N,27.24,26.26,26.26,5.51
03/20/2022,09:00,N,30,27,27,4.95
03/20/2022,10:00,N,32,29.55,24.15,4.75
03/20/2022,11:00,N,25.52,25,20.45,3.05
03/20/2022,12:00,N,23,23,16.65,2.8
03/20/2022,13:00,N,23,20.55,16.65,2.72
03/20/2022,14:00,N,23,20,18.5,2.72
03/20/2022,15:00,N,23,18,16.65,7.27
03/20/2022,16:00,N,22.09,19.65,16.65,5.51
03/20/2022,17:00,N,27.65,26.77,20.65,5.51
03/20/2022,18:00,N,41.82,41.75,41.15,15
03/20/2022,19:00,N,43.08,43.08,41.15,5.51
03/20/2022,20:00,N,34.75,41.75,41.15,5
03/20/2022,21:00,N,25.15,21,25,4.9
03/20/2022,22:00,N,16.15,14.85,14.85,4.22
03/20/2022,23:00,N,16.98,15,15,2.4
03/20/2022,24:00,N,11.78,10.85,10.85,1.7
03/21/2022,01:00,N,13.83,12.83,12.83,1.7
03/21/2022,02:00,N,10,10,10,1.7
03/21/2022,03:00,N,10,10,10,2.72
03/21/2022,04:00,N,10,10,10,2.72
03/21/2022,05:00,N,10.48,10.48,10.48,2.72
03/21/2022,06:00,N,25.04,25.04,24.45,3.1
03/21/2022,07:00,N,30,33,33,9
03/21/2022,08:00,N,32.9,32.4,32.4,8
03/21/2022,09:00,N,36.15,29.21,33.15,8.15
03/21/2022,10:00,N,37.73,31.18,29.85,8.15
03/21/2022,11:00,N,25.81,25,20.45,4.62
03/21/2022,12:00,N,20,19.24,16.65,4
03/21/2022,13:00,N,23,19.65,16.65,3.85
03/21/2022,14:00,N,24.58,22.13,20.65,4
03/21/2022,15:00,N,23,17.58,16.65,11.85
03/21/2022,16:00,N,19.5,15.65,12.65,11.85
03/21/2022,17:00,N,23.69,21.24,16.65,15
03/21/2022,18:00,N,35,28.04,27.52,17.85
03/21/2022,19:00,N,35,33.95,33.15,10.45
03/21/2022,20:00,N,33.74,33.74,33.15,31.09
03/21/2022,21:00,N,25.15,22.78,26.78,26.49
03/21/2022,22:00,N,13.01,12.37,12.37,7.05
03/21/2022,23:00,N,19.37,17.35,16.55,2.7
03/21/2022,24:00,N,12.32,10.85,10.85,1.7
03/22/2022,01:00,N,15.39,14.85,14.85,1.35
03/22/2022,02:00,N,10.85,10.85,10.85,1.35
03/22/2022,03:00,N,10,10,10,2.4
03/22/2022,04:00,N,10.34,10.34,10.34,2.4
03/22/2022,05:00,N,12.31,12.31,12.31,2.4
03/22/2022,06:00,N,23.95,24.45,24.45,2.72
03/22/2022,07:00,N,30,41.24,41.24,8.3
03/22/2022,08:00,N,39.83,39.33,39.33,8.17
03/22/2022,09:00,N,34.49,29.15,33.15,6.6
03/22/2022,10:00,N,38,37.93,37,7.02
03/22/2022,11:00,N,38,37.98,37,4.07
03/22/2022,12:00,N,23.84,23.84,23.27,4
03/22/2022,13:00,N,38,37.5,37.29,3.45
03/22/2022,14:00,N,23,22,21.5,3.89
03/22/2022,15:00,N,23,21.93,21.55,15
03/22/2022,16:00,N,23,23,20.65,15
03/22/2022,17:00,N,23,22.17,20.65,15
03/22/2022,18:00,N,33.49,33.49,32.85,17.05
03/22/2022,19:00,N,30.59,30.03,30.03,5.58
03/22/2022,20:00,N,18.35,25.35,25.15,16.14
03/22/2022,21:00,N,10.15,27.36,28.99,25.41
03/22/2022,22:00,N,12.92,12.92,12.92,15
03/22/2022,23:00,N,10.63,10.63,10,3
03/22/2022,24:00,N,11.48,10.85,10.85,1.75
03/23/2022,01:00,N,8.23,7.8,7.8,1.04
03/23/2022,02:00,N,6.85,6.85,6.85,1.04
03/23/2022,03:00,N,5,5,5,1.44
03/23/2022,04:00,N,5.35,5.83,5.83,1.7
03/23/2022,05:00,N,6.99,7.47,7.47,2.4
03/23/2022,06:00,N,14.52,15,15,2.72
03/23/2022,07:00,N,15,27.67,28.67,25.89
03/23/2022,08:00,N,20,33.95,35.57,35.2
03/23/2022,09:00,N,17.1,14.34,16.39,5.48
03/23/2022,10:00,N,22.87,20.85,20.85,4.22
03/23/2022,11:00,N,15.78,15.78,15.08,3.01
03/23/2022,12:00,N,13.87,13.87,12.65,2.75
03/23/2022,13:00,N,15.78,13.35,12.65,2.72
03/23/2022,14:00,N,15.54,13.04,12.65,2.72
03/23/2022,15:00,N,13.55,11.33,11.13,4.22
03/23/2022,16:00,N,13.61,11.39,10.11,4.15
03/23/2022,17:00,N,20,17.35,16.35,4.43
03/23/2022,18:00,N,22.75,20.78,20.78,10
03/23/2022,19:00,N,13.9,13.2,13.4,5.15
03/23/2022,20:00,N,18,54.2,53.81,55.06
03/23/2022,21:00,N,7.11,39.6,41.15,96.81
03/23/2022,22:00,N,5.83,18.85,18.85,35.22
03/23/2022,23:00,N,8,16.55,16.55,13.51
03/23/2022,24:00,N,5,6.26,6.26,5.58
03/24/2022,01:00,N,4,4,4,2.05
03/24/2022,02:00,N,2.61,2.11,2.11,1.51
03/24/2022,03:00,N,2.67,2.07,2.07,2.02
03/24/2022,04:00,N,2.2,1.63,1.63,1.81
03/24/2022,05:00,N,3.5,3.19,3.19,1.04
03/24/2022,06:00,N,8,8,7.45,3.6
03/24/2022,07:00,N,13.5,24.85,24.85,20
03/24/2022,08:00,N,24.28,24.85,25.35,24.23
03/24/2022,09:00,N,15,14.51,14.29,11.95
03/24/2022,10:00,N,14.47,9.47,8.07,8.9
03/24/2022,11:00,N,15.5,10.5,9.1,4.15
03/24/2022,12:00,N,12.42,9.49,8.09,3.8
03/24/2022,13:00,N,16.65,11.65,8.65,3.1
03/24/2022,14:00,N,16.13,9.35,8.65,3.1
03/24/2022,15:00,N,18.5,13.3,12.5,15
03/24/2022,16:00,N,17.65,12.65,9.65,12.15
03/24/2022,17:00,N,20.07,13.52,9.01,10.65
03/24/2022,18:00,N,29.14,24.07,23.27,8.16
03/24/2022,19:00,N,12,16.15,16.15,8.7
03/24/2022,20:00,N,35,99.86,99.86,101.86
03/24/2022,21:00,N,20,33,38,123.81
03/24/2022,22:00,N,5,16.15,18.85,45.44
03/24/2022,23:00,N,8,12.94,12.94,14.57
03/24/2022,24:00,N,5,6.85,6.85,6.8
03/25/2022,01:00,N,4,3.89,3.89,1.7
03/25/2022,02:00,N,2.54,2.04,2.04,1.7
03/25/2022,03:00,N,2.38,1.81,1.81,2.4
03/25/2022,04:00,N,1.95,1.45,1.45,2.05
03/25/2022,05:00,N,3.5,3.5,3.1,1.7
03/25/2022,06:00,N,8,11.34,11.34,2.9
03/25/2022,07:00,N,4,64.15,64.15,74.1
03/25/2022,08:00,N,20,62.54,64.15,88.54
03/25/2022,09:00,N,26.58,28.65,30.15,26.43
03/25/2022,10:00,N,13.5,11.93,10.22,11.86
03/25/2022,11:00,N,8,7.98,5.47,3.14
03/25/2022,12:00,N,7.07,7.07,6.39,3.45
03/25/2022,13:00,N,9.35,9.35,6.75,3.14
03/25/2022,14:00,N,9,7.59,7.59,3.14
03/25/2022,15:00,N,9.25,9.25,8.65,9.25
03/25/2022,16:00,N,9.38,8.79,8.78,10.42
03/25/2022,17:00,N,10.78,10.78,10.12,10.12
03/25/2022,18:00,N,12.15,12.15,11.76,13.05
03/25/2022,19:00,N,17.15,24.38,24.38,10.4
03/25/2022,20:00,N,16.4,59.15,59.15,61.12
03/25/2022,21:00,N,10.85,12.85,16.85,20.89
03/25/2022,22:00,N,10.33,10.81,10.81,6.15
03/25/2022,23:00,N,11.38,10.85,10.85,2.72
03/25/2022,24:00,N,11.35,10.85,10.85,2.72
03/26/2022,01:00,N,7.89,7.39,6.85,1.46
03/26/2022,02:00,N,5,5,5,1.47
03/26/2022,03:00,N,5,5,5,2.05
03/26/2022,04:00,N,6.55,6.05,6,2.05
03/26/2022,05:00,N,8.01,8.01,8.01,2.05
03/26/2022,06:00,N,16.25,16.25,16.05,2.72
03/26/2022,07:00,N,13.58,18.15,17.82,7.7
03/26/2022,08:00,N,14.87,14.87,14.87,7.7
03/26/2022,09:00,N,19.37,19.37,19.37,8.55
03/26/2022,10:00,N,20,19.21,17.95,7.2
03/26/2022,11:00,N,13.5,12.69,12.02,3.25
03/26/2022,12:00,N,12,11.24,10.48,3.1
03/26/2022,13:00,N,12.07,10.35,8.65,2.72
03/26/2022,14:00,N,11.17,8.65,8.65,2.72
03/26/2022,15:00,N,9,8.4,8.05,8.66
03/26/2022,16:00,N,9.7,9.7,9.7,9.7
03/26/2022,17:00,N,17.01,21.73,18.74,14.09
03/26/2022,18:00,N,20,23.33,23.33,11.29
03/26/2022,19:00,N,12.09,33.71,33.15,28.65
03/26/2022,20:00,N,12,43.59,43.59,43.59
03/26/2022,21:00,N,10.15,9.15,11.78,9.15
03/26/2022,22:00,N,10.85,10.85,10.85,4.99
03/26/2022,23:00,N,16.86,16.43,15.8,2.58
03/26/2022,24:00,N,11.28,10.85,10.85,2
03/27/2022,01:00,N,10.54,10.12,10,1.01
03/27/2022,02:00,N,6.85,6.85,6.85,1.01
03/27/2022,03:00,N,7.01,6.85,6.85,1.7
03/27/2022,04:00,N,8,7.57,7.57,1.82
03/27/2022,05:00,N,8.85,8.85,8.85,1.7
03/27/2022,06:00,N,20,20,20,2.55
03/27/2022,07:00,N,24.15,28.15,28.15,4.22
03/27/2022,08:00,N,28.15,28.15,28.15,4.98
03/27/2022,09:00,N,28.65,28.08,28.15,4.99
03/27/2022,10:00,N,31.12,28.19,26.79,4.62
03/27/2022,11:00,N,24.35,22.33,20.45,3.5
03/27/2022,12:00,N,20,19.24,16.65,3.01
03/27/2022,13:00,N,24.55,23.65,20.65,4.22
03/27/2022,14:00,N,19.23,16.96,15.17,2.72
03/27/2022,15:00,N,12,9.55,8.56,4.99
03/27/2022,16:00,N,12,11.03,11.03,9.17
03/27/2022,17:00,N,18.49,17.35,16.96,12.54
03/27/2022,18:00,N,20,22.56,22.56,17.18
03/27/2022,19:00,N,20,37.68,37.68,30.12
03/27/2022,20:00,N,20,33.15,33.15,35.15
03/27/2022,21:00,N,12.74,10.25,14.25,8.55
03/27/2022,22:00,N,15.35,14.85,14.85,4.62
03/27/2022,23:00,N,13.5,13.07,13.07,2.58
03/27/2022,24:00,N,11.28,10.85,10.85,1.85
03/28/2022,01:00,N,8.65,8.58,8.11,1.14
03/28/2022,02:00,N,6.85,6.85,6.85,1.18
03/28/2022,03:00,N,6.85,6.85,6.85,2.05
03/28/2022,04:00,N,7.4,6.9,6.85,2.05
03/28/2022,05:00,N,8.23,8.23,8.23,2.05
03/28/2022,06:00,N,17.65,17.65,16.85,2.72
03/28/2022,07:00,N,23.65,27.15,27.15,5
03/28/2022,08:00,N,25.48,25.48,25.48,7.05
03/28/2022,09:00,N,22.92,22.35,22.15,5
03/28/2022,10:00,N,20,17.83,16.1,4.22
03/28/2022,11:00,N,17.04,16.23,13.14,4.01
03/28/2022,12:00,N,12,12,9.62,5
03/28/2022,13:00,N,15.23,13.23,11.9,8.86
03/28/2022,14:00,N,18.22,17.35,16.25,5.24
03/28/2022,15:00,N,15.58,14.13,14.12,17.92
03/28/2022,16:00,N,17.07,15.05,15.05,17.05
03/28/2022,17:00,N,20,19.5,19.15,16.56
03/28/2022,18:00,N,25.86,26.36,26.36,30.35
03/28/2022,19:00,N,32.17,33.15,33.15,12.08
03/28/2022,20:00,N,26.97,46.55,46.95,46.55
03/28/2022,21:00,N,13.89,17.39,18.5,15.16
03/28/2022,22:00,N,8.82,8.82,8.82,4.99
03/28/2022,23:00,N,10.98,10.91,10.85,2.72
03/28/2022,24:00,N,9.39,8.96,8.96,2
03/29/2022,01:00,N,11.39,11.39,10.85,1.42
03/29/2022,02:00,N,6.85,6.85,6.85,1.42
03/29/2022,03:00,N,6.85,6.85,6.85,2.4
03/29/2022,04:00,N,8,8,7.45,2.4
03/29/2022,05:00,N,8,8.85,8.85,2.4
03/29/2022,06:00,N,17.8,17.8,17,2.72
03/29/2022,07:00,N,17.01,21.01,20.41,6.9
03/29/2022,08:00,N,20,20,19.47,6.9
03/29/2022,09:00,N,17.85,17.65,16.85,14.9
03/29/2022,10:00,N,76.7,72.8,16.85,14.9
03/29/2022,11:00,N,27.19,29,19.31,13.7
03/29/2022,12:00,N,20,23.47,16.1,13.4
03/29/2022,13:00,N,20.55,18.53,16.65,15.4
03/29/2022,14:00,N,18.67,16.65,15.17,10.73
03/29/2022,15:00,N,20,17.98,16.65,25.69
03/29/2022,16:00,N,19.07,23.15,23.15,30
03/29/2022,17:00,N,24.27,24.39,23.15,27.11
03/29/2022,18:00,N,29.84,30.27,29.97,34.77
03/29/2022,19:00,N,36.21,36.71,36.15,16.54
03/29/2022,20:00,N,35,37.15,36.56,26.14
03/29/2022,21:00,N,16,22.16,23.79,13.4
03/29/2022,22:00,N,10.86,10.79,10.79,8.4
03/29/2022,23:00,N,11.48,11.48,10.85,2.72
03/29/2022,24:00,N,11.35,10.85,10.85,2.05
03/30/2022,01:00,N,11.39,11.39,10.85,1.35
03/30/2022,02:00,N,7,7,7,1.14
03/30/2022,03:00,N,6.78,6.85,6.85,2.05
03/30/2022,04:00,N,6.35,6.85,6.85,2.05
03/30/2022,05:00,N,8,8.85,8.85,2.05
03/30/2022,06:00,N,20.84,20.85,20.25,2.4
03/30/2022,07:00,N,25.68,29.68,29.08,6.9
03/30/2022,08:00,N,26.15,26.15,26.15,6.9
03/30/2022,09:00,N,25.42,25.42,24.85,9.7
03/30/2022,10:00,N,51,51,47.1,9.7
03/30/2022,11:00,N,28.9,28.9,25,5.7
03/30/2022,12:00,N,17.52,17.52,16.65,9.7
03/30/2022,13:00,N,24.13,22.11,21.21,5.4
03/30/2022,14:00,N,23.26,21.24,21.24,5.4
03/30/2022,15:00,N,22.67,20.65,20.65,23.15
03/30/2022,16:00,N,19.26,19.26,19.26,20.01
03/30/2022,17:00,N,19.8,19.8,19.15,71.9
03/30/2022,18:00,N,12.01,25.02,25.02,80.9
03/30/2022,19:00,N,20,42.15,42.14,27.18
03/30/2022,20:00,N,13.68,146.93,148.29,150.29
03/30/2022,21:00,N,5,69.15,74.15,112.86
03/30/2022,22:00,N,4.01,26.29,27.8,32.6
03/30/2022,23:00,N,5,8.22,8.22,4.22
03/30/2022,24:00,N,7.5,6.85,8,2.72
03/31/2022,01:00,N,5.32,5.32,5.32,2
03/31/2022,02:00,N,2.98,2.55,2.55,2
03/31/2022,03:00,N,2.57,2.11,2.11,2.05
03/31/2022,04:00,N,2.47,2.11,2.11,2.03
03/31/2022,05:00,N,5.23,5.3,4.9,2
03/31/2022,06:00,N,10,10,9.34,2.05
03/31/2022,07:00,N,3.5,23.15,23.15,15.6
03/31/2022,08:00,N,10.34,17.83,17.44,15.6
03/31/2022,09:00,N,12.11,12.68,12.21,11.6
03/31/2022,10:00,N,8.88,8.81,7.75,7.75
03/31/2022,11:00,N,6.37,5.94,5,5
03/31/2022,12:00,N,6.3,6.3,5.35,5.35
03/31/2022,13:00,N,8.28,8.28,7.7,5.35
03/31/2022,14:00,N,8.25,8.25,7.64,5.35
03/31/2022,15:00,N,11.42,11.42,11.22,10.1
03/31/2022,16:00,N,12,12.48,12.48,12.35
03/31/2022,17:00,N,12,15.75,15.15,14.1
03/31/2022,18:00,N,12,17.22,17.02,17.02
03/31/2022,19:00,N,14.8,40.34,39.7,21.64
03/31/2022,20:00,N,20,123.92,123.92,128.71
03/31/2022,21:00,N,25,65.15,69.15,89.1
03/31/2022,22:00,N,5.15,14.8,14.8,14.8
03/31/2022,23:00,N,7.38,7.38,7.15,2.72
03/31/2022,24:00,N,4.54,4.11,4.11,2.72
04/01/2022,01:00,N,7.01,6.85,6.85,2.72
04/01/2022,02:00,N,5,5,5,2.72
04/01/2022,03:00,N,4,4,4,3.45
04/01/2022,04:00,N,5.71,5.71,5,3.45
04/01/2022,05:00,N,6.85,6.85,6.27,3.1
04/01/2022,06:00,N,12.85,12.85,11.42,3.8
04/01/2022,07:00,N,13.5,34.15,34.15,29.77
04/01/2022,08:00,N,16,20.29,20.29,21.29
04/01/2022,09:00,N,13.5,13.5,11.7,11.7
04/01/2022,10:00,N,14.75,14.75,10.85,10.85
04/01/2022,11:00,N,13.7,12.85,10,4.42
04/01/2022,12:00,N,13.64,13.64,9.74,4.42
04/01/2022,13:00,N,14.05,12.26,10.15,4.62
04/01/2022,14:00,N,13.57,11.55,10.2,10.2
04/01/2022,15:00,N,13.87,11.85,10.37,7.15
04/01/2022,16:00,N,15.99,13.97,12.98,6.39
04/01/2022,17:00,N,18.87,16.85,15.37,5
04/01/2022,18:00,N,20.54,18.52,17.92,5
04/01/2022,19:00,N,14.66,12.64,11.21,5
04/01/2022,20:00,N,20,24.39,24.39,18.65
04/01/2022,21:00,N,20,45.73,49.73,53.95
04/01/2022,22:00,N,8.54,9.04,9.04,8.3
04/01/2022,23:00,N,6.15,5.65,5.65,4.02
04/01/2022,24:00,N,5.84,5.77,5.77,3.25
04/02/2022,01:00,N,4.11,4.11,4.11,3.45
04/02/2022,02:00,N,4,4,4,3.23
04/02/2022,03:00,N,3.5,3.5,3.5,3.5
04/02/2022,04:00,N,4,4,3.8,3.8
04/02/2022,05:00,N,4.62,4.69,4.11,4.11
04/02/2022,06:00,N,6.57,7.05,6,4.5
04/02/2022,07:00,N,4.91,18.26,18.15,26.25
04/02/2022,08:00,N,8,15.15,18.15,26.7
04/02/2022,09:00,N,11.68,12.94,12.94,18.73
04/02/2022,10:00,N,10.44,10.44,10,10
04/02/2022,11:00,N,8,8,7.55,5.2
04/02/2022,12:00,N,8,8.85,8.4,5.2
04/02/2022,13:00,N,9.65,10.15,10.15,5.2
04/02/2022,14:00,N,9,10.15,10.15,9.07
04/02/2022,15:00,N,9.7,10.68,10.29,5.2
04/02/2022,16:00,N,12,12.98,12.98,12.98
04/02/2022,17:00,N,14.02,15,15,15
04/02/2022,18:00,N,15.87,16.85,16.36,16.85
04/02/2022,19:00,N,27.57,36.28,35.89,35.89
04/02/2022,20:00,N,35,81.15,81.15,101.7
04/02/2022,21:00,N,20,40.15,45.15,49.09
04/02/2022,22:00,N,8,13.46,13.46,14.17
04/02/2022,23:00,N,7.35,6.85,6.85,4.62
04/02/2022,24:00,N,8,7.93,7.29,4.99
