Delivery Date,Hour Ending,Repeated Hour Flag,REGDN,REGUP,RRS,NSPIN
12/1/2010,1:00,N,9.01,6.88,6.88,3.89
12/1/2010,2:00,N,5.5,5,5,3.19
12/1/2010,3:00,N,3,5,5,3.15
12/1/2010,4:00,N,3.6,4.5,4.5,3.13
12/1/2010,5:00,N,4,4.5,4.5,3.09
12/1/2010,6:00,N,5.75,5.93,5.3,3.02
12/1/2010,7:00,N,3,23.35,22.35,2.82
12/1/2010,8:00,N,3.89,17.7,17.7,2.87
12/1/2010,9:00,N,3,13.56,13.56,2.77
12/1/2010,10:00,N,3.82,7.5,7.5,2.62
12/1/2010,11:00,N,3,7.5,7.5,5.41
12/1/2010,12:00,N,5,5,5,5
12/1/2010,13:00,N,4.5,5.31,5.31,5.31
12/1/2010,14:00,N,5,6,6,5.31
12/1/2010,15:00,N,4,6,6,5.31
12/1/2010,16:00,N,4,6,6,5.31
12/1/2010,17:00,N,4.25,7,7,5.31
12/1/2010,18:00,N,5,10,10,5.41
12/1/2010,19:00,N,5.5,14.22,14.01,5.87
12/1/2010,20:00,N,6.88,12,12,5.41
12/1/2010,21:00,N,4.45,10,10,5.96
12/1/2010,22:00,N,3.69,5.31,5.31,5.31
12/1/2010,23:00,N,7.11,10,10,2.8
12/1/2010,24:00:00,N,5.5,5.59,5.59,2.93
12/2/2010,1:00,N,7.75,15,15,2.93
12/2/2010,2:00,N,7,9.5,9.5,2.98
12/2/2010,3:00,N,3.72,5.5,5.5,3.06
12/2/2010,4:00,N,3.94,5,5,3
12/2/2010,5:00,N,4,8.21,8.21,2.97
12/2/2010,6:00,N,7,10.86,9.86,3.01
12/2/2010,7:00,N,4.2,31.07,26.99,2.47
12/2/2010,8:00,N,5.06,24.44,23.44,5.41
12/2/2010,9:00,N,4.28,19.23,19.23,6.11
12/2/2010,10:00,N,4.85,15,15,5.83
12/2/2010,11:00,N,4,11.49,11.49,9.12
12/2/2010,12:00,N,4,10.9,7.9,7.9
12/2/2010,13:00,N,4,10.49,9.49,7.49
12/2/2010,14:00,N,4.6,8.41,7,5.41
12/2/2010,15:00,N,2.5,5.41,5.41,5.41
12/2/2010,16:00,N,3.76,7.06,6.61,5.31
12/2/2010,17:00,N,4.03,8.99,7.26,5.99
12/2/2010,18:00,N,3.74,15,12,9.5
12/2/2010,19:00,N,4,24.98,17.89,11.42
12/2/2010,20:00,N,4,17.51,17.51,11.42
12/2/2010,21:00,N,4,15.1,15.1,11.42
12/2/2010,22:00,N,4,11,10,8
12/2/2010,23:00,N,9.16,15,14,6.05
12/2/2010,24:00:00,N,7.75,5.41,5.41,5.41
12/3/2010,1:00,N,9,11.97,11.97,3.1
12/3/2010,2:00,N,9,10,10,2.95
12/3/2010,3:00,N,7,6.5,6.5,3.01
12/3/2010,4:00,N,7.11,6.16,6.5,2.96
12/3/2010,5:00,N,6.92,10.88,10.88,2.91
12/3/2010,6:00,N,13.11,16,16,3.04
12/3/2010,7:00,N,4,24.22,24.22,4.05
12/3/2010,8:00,N,4.5,17.93,18.48,4.25
12/3/2010,9:00,N,4,15.59,15.59,4.96
12/3/2010,10:00,N,4,10.73,11.33,4.63
12/3/2010,11:00,N,3.37,8.53,9.13,7.13
12/3/2010,12:00,N,4,8.07,8.07,6.07
12/3/2010,13:00,N,3.88,9.13,9.13,6.13
12/3/2010,14:00,N,5,6.71,7.31,5.31
12/3/2010,15:00,N,3,7.31,7.31,5.31
12/3/2010,16:00,N,3,8.56,8.56,5.45
12/3/2010,17:00,N,4,10.51,10.51,6.12
12/3/2010,18:00,N,5.4,15.17,15,8.16
12/3/2010,19:00,N,7.11,18,17,11.22
12/3/2010,20:00,N,7.11,16.31,16.31,10
12/3/2010,21:00,N,4.5,12,12,9.1
12/3/2010,22:00,N,4.73,12,12,6.5
12/3/2010,23:00,N,9.98,15,15,5.25
12/3/2010,24:00:00,N,8.95,7,7,4.56
12/4/2010,1:00,N,9.01,5.9,5.5,2.89
12/4/2010,2:00,N,9.38,5,5,2.98
12/4/2010,3:00,N,7,5,5,2.98
12/4/2010,4:00,N,7,5,5,2.96
12/4/2010,5:00,N,7,5,5,3
12/4/2010,6:00,N,15,5.9,5.5,2.99
12/4/2010,7:00,N,8.92,10.64,9.64,2.91
12/4/2010,8:00,N,11,8,8,2.86
12/4/2010,9:00,N,10,14,13,2.8
12/4/2010,10:00,N,10,10,10,2.66
12/4/2010,11:00,N,5,8.53,8.53,2.68
12/4/2010,12:00,N,5.41,8.42,8.42,2.77
12/4/2010,13:00,N,5,8.21,8.21,2.79
12/4/2010,14:00,N,7,8,8,2.85
12/4/2010,15:00,N,4.5,7.72,7.72,2.89
12/4/2010,16:00,N,4.53,8.25,8,2.88
12/4/2010,17:00,N,5.7,11,10,2.87
12/4/2010,18:00,N,6.73,14,13,2.7
12/4/2010,19:00,N,7.11,16,15,2.55
12/4/2010,20:00,N,7.11,15,14,2.65
12/4/2010,21:00,N,4.5,10.44,10.44,2.91
12/4/2010,22:00,N,6.63,10,10,2.97
12/4/2010,23:00,N,12,14,13,2.83
12/4/2010,24:00:00,N,6,7.81,7.81,3.04
12/5/2010,1:00,N,7.33,7,7,2.81
12/5/2010,2:00,N,7.11,5.5,5.5,2.92
12/5/2010,3:00,N,5.64,5.5,5.5,2.9
12/5/2010,4:00,N,5.96,5.5,5.5,2.91
12/5/2010,5:00,N,5.5,5.5,5.5,2.98
12/5/2010,6:00,N,9,9,9,2.96
12/5/2010,7:00,N,4.41,16,15,2.92
12/5/2010,8:00,N,5,9.74,9.74,2.84
12/5/2010,9:00,N,4.5,11.1,11.1,2.74
12/5/2010,10:00,N,4.5,9.73,9.73,2.6
12/5/2010,11:00,N,4.5,8.56,8.9,2.67
12/5/2010,12:00,N,4.5,8.42,8.42,2.75
12/5/2010,13:00,N,3.91,9.09,9.09,2.77
12/5/2010,14:00,N,5,6,6,2.83
12/5/2010,15:00,N,3.53,7.7,7.7,2.87
12/5/2010,16:00,N,3.62,7.9,7.9,2.87
12/5/2010,17:00,N,5,10,10,2.85
12/5/2010,18:00,N,5,12.7,12.7,2.69
12/5/2010,19:00,N,6.35,18.57,18.57,2.53
12/5/2010,20:00,N,5,17.05,17.06,2.63
12/5/2010,21:00,N,4.5,13,13,2.9
12/5/2010,22:00,N,4.5,11.81,11.81,2.96
12/5/2010,23:00,N,7.5,12,12,2.73
12/5/2010,24:00:00,N,6,9.08,9.08,2.95
12/6/2010,1:00,N,7,7,7,3.08
12/6/2010,2:00,N,6.87,6.33,6.33,3.1
12/6/2010,3:00,N,5,6.01,6.01,3.01
12/6/2010,4:00,N,5.24,5,5,2.97
12/6/2010,5:00,N,4,6.3,6.3,2.94
12/6/2010,6:00,N,7,15,15,2.82
12/6/2010,7:00,N,3,31.42,25.42,2.48
12/6/2010,8:00,N,5,27.08,25,2.24
12/6/2010,9:00,N,3,21.73,21.26,2.66
12/6/2010,10:00,N,4,15,15,2.71
12/6/2010,11:00,N,3,8.28,8.28,2.8
12/6/2010,12:00,N,3.99,7,7,2.81
12/6/2010,13:00,N,3,7,7,2.93
12/6/2010,14:00,N,5,5.42,5.42,2.9
12/6/2010,15:00,N,3,6,6,2.93
12/6/2010,16:00,N,3.69,6.96,5.96,2.97
12/6/2010,17:00,N,4.25,8.24,7.24,2.93
12/6/2010,18:00,N,5,14.43,13.43,2.72
12/6/2010,19:00,N,7,22.27,21.27,2.37
12/6/2010,20:00,N,7,21,20,2.61
12/6/2010,21:00,N,3,15,15,2.76
12/6/2010,22:00,N,4.3,12,12,2.8
12/6/2010,23:00,N,7.11,10.29,10,2.32
12/6/2010,24:00:00,N,5.55,9.14,9.14,2.66
12/7/2010,1:00,N,5.3,5.99,5.99,2.64
12/7/2010,2:00,N,5.93,5.92,5.91,2.73
12/7/2010,3:00,N,4.21,5,5,2.74
12/7/2010,4:00,N,4.74,5,5,2.76
12/7/2010,5:00,N,3.28,6.44,6.44,2.72
12/7/2010,6:00,N,7.11,12.45,11.45,2.63
12/7/2010,7:00,N,2.85,32.36,28.11,2.3
12/7/2010,8:00,N,4.5,26.17,25.17,2.27
12/7/2010,9:00,N,3,17.81,16.81,2.34
12/7/2010,10:00,N,3,12.25,12.25,2.45
12/7/2010,11:00,N,3,10,10,5.21
12/7/2010,12:00,N,3.01,8.06,8.06,5.11
12/7/2010,13:00,N,3.85,6.8,6.8,4.8
12/7/2010,14:00,N,5.03,5.5,5.73,3.73
12/7/2010,15:00,N,4.83,5.99,5.99,3.99
12/7/2010,16:00,N,5,5.99,5.99,3.99
12/7/2010,17:00,N,5.29,8,7,5
12/7/2010,18:00,N,5.11,15,15,5.41
12/7/2010,19:00,N,4.5,18.18,18.18,5.38
12/7/2010,20:00,N,4.96,15,15,5.21
12/7/2010,21:00,N,3,12.89,12.89,5.21
12/7/2010,22:00,N,4.3,11.76,11.76,3.2
12/7/2010,23:00,N,7.65,11.17,11.17,2.8
12/7/2010,24:00:00,N,7.11,9.96,9.96,2.7
12/8/2010,1:00,N,6.68,5.32,5.32,2.65
12/8/2010,2:00,N,6.48,5,5,2.75
12/8/2010,3:00,N,5,5,5,2.77
12/8/2010,4:00,N,5,4.77,4.77,2.77
12/8/2010,5:00,N,3.86,5,5,2.75
12/8/2010,6:00,N,7.5,11,10,2.65
12/8/2010,7:00,N,2.9,27.85,25,2.18
12/8/2010,8:00,N,4.83,26.47,25,2.16
12/8/2010,9:00,N,3,20,19.55,2.28
12/8/2010,10:00,N,4.85,13.82,13.82,2.42
12/8/2010,11:00,N,3.59,8.14,8,4
12/8/2010,12:00,N,4.21,6,6,4
12/8/2010,13:00,N,3,5.48,5.48,3.48
12/8/2010,14:00,N,5,5.25,5.25,3.25
12/8/2010,15:00,N,3,5.25,5.25,3.25
12/8/2010,16:00,N,3,5.25,5.25,3.25
12/8/2010,17:00,N,3,8,7,5
12/8/2010,18:00,N,4,16.25,16.25,7.7
12/8/2010,19:00,N,7,20.98,20.98,11.02
12/8/2010,20:00,N,7.11,16.34,16.34,7.7
12/8/2010,21:00,N,3,12,12,5.41
12/8/2010,22:00,N,4.3,11.24,11.24,3.95
12/8/2010,23:00,N,8.61,11.27,11.26,2.76
12/8/2010,24:00:00,N,6.55,9.06,9.06,2.73
12/9/2010,1:00,N,6.41,7,7,2.77
12/9/2010,2:00,N,6.25,5,5,2.83
12/9/2010,3:00,N,5,5,5,2.85
12/9/2010,4:00,N,5,4.85,4.85,2.85
12/9/2010,5:00,N,3.79,5,5,2.81
12/9/2010,6:00,N,7.5,11.94,11.94,2.71
12/9/2010,7:00,N,4,24.8,24.54,2.4
12/9/2010,8:00,N,4.67,25,25,2.37
12/9/2010,9:00,N,4,16.03,16.03,2.5
12/9/2010,10:00,N,4.97,10,10,2.62
12/9/2010,11:00,N,3.43,7.23,7.83,4
12/9/2010,12:00,N,4.5,5.44,5.44,4
12/9/2010,13:00,N,4.5,5.16,5.16,3.16
12/9/2010,14:00,N,4.94,4.92,5,3
12/9/2010,15:00,N,3.9,4.87,4.92,2.92
12/9/2010,16:00,N,4,5,5,3
12/9/2010,17:00,N,4.25,8,8,5.06
12/9/2010,18:00,N,4.5,13.55,13.55,5.59
12/9/2010,19:00,N,5.75,25,25,5.3
12/9/2010,20:00,N,7.5,15,15,5.41
12/9/2010,21:00,N,4.5,12,12,5.61
12/9/2010,22:00,N,4.5,10,10,4.4
12/9/2010,23:00,N,6.9,12,12,2.88
12/9/2010,24:00:00,N,4.75,8,8,2.86
12/10/2010,1:00,N,7.47,10.4,10.4,2.78
12/10/2010,2:00,N,8.21,5,5,2.84
12/10/2010,3:00,N,6,5,5,2.88
12/10/2010,4:00,N,7,5,5,2.85
12/10/2010,5:00,N,4.75,5,5,2.81
12/10/2010,6:00,N,7.5,18.26,17.26,2.71
12/10/2010,7:00,N,4.2,25,21.36,2.47
12/10/2010,8:00,N,4,21.4,20.4,2.51
12/10/2010,9:00,N,4,15.49,14.49,2.65
12/10/2010,10:00,N,4.5,14.33,14.33,2.51
12/10/2010,11:00,N,4,10.67,10.67,2.52
12/10/2010,12:00,N,4.82,12.32,12.32,2.73
12/10/2010,13:00,N,4.5,10,10,2.78
12/10/2010,14:00,N,5,7.16,7.16,2.66
12/10/2010,15:00,N,4.2,7.03,7.03,2.73
12/10/2010,16:00,N,4.34,7.5,7.5,2.79
12/10/2010,17:00,N,4.25,8.33,8.33,2.83
12/10/2010,18:00,N,4.5,23.54,22.54,2.65
12/10/2010,19:00,N,4.82,26,25,2.6
12/10/2010,20:00,N,7.11,18.27,17.27,2.77
12/10/2010,21:00,N,4.45,13.38,13.38,2.81
12/10/2010,22:00,N,6.45,10,10,2.86
12/10/2010,23:00,N,7.5,15,15,2.67
12/10/2010,24:00:00,N,7.11,11.46,11.46,2.73
12/11/2010,1:00,N,8.49,10.71,10,2.81
12/11/2010,2:00,N,9.14,6.33,6.33,2.79
12/11/2010,3:00,N,7,7,7,2.79
12/11/2010,4:00,N,7.11,6.06,6.06,2.79
12/11/2010,5:00,N,7,6.33,6.33,2.78
12/11/2010,6:00,N,16.53,18,15.25,2.73
12/11/2010,7:00,N,4.63,20.59,18.09,2.64
12/11/2010,8:00,N,7,15,15,2.59
12/11/2010,9:00,N,4.5,15,15,2.6
12/11/2010,10:00,N,4.85,14.07,14.07,2.57
12/11/2010,11:00,N,4.02,12.72,12.73,2.66
12/11/2010,12:00,N,5.71,9.26,9.26,2.7
12/11/2010,13:00,N,4.5,6.3,6.75,2.75
12/11/2010,14:00,N,4.88,5,5.87,2.79
12/11/2010,15:00,N,3.68,5.86,6.15,2.83
12/11/2010,16:00,N,4.28,6.75,6.75,2.8
12/11/2010,17:00,N,4.25,8.75,8.75,4.03
12/11/2010,18:00,N,4.5,13.75,13.75,4.09
12/11/2010,19:00,N,7.5,26,25,5.21
12/11/2010,20:00,N,9,18.14,17.14,4.59
12/11/2010,21:00,N,4.45,10.74,10.74,4
12/11/2010,22:00,N,6.26,10,10,3.34
12/11/2010,23:00,N,8.11,15.21,14.21,2.56
12/11/2010,24:00:00,N,7.5,14.37,14.37,2.56
12/12/2010,1:00,N,7.11,10,10,2.73
12/12/2010,2:00,N,7,5.21,5.21,2.7
12/12/2010,3:00,N,4.68,5.25,5.25,2.71
12/12/2010,4:00,N,5,5.28,5.28,2.7
12/12/2010,5:00,N,4.2,5.34,5.34,2.69
12/12/2010,6:00,N,7.5,19.99,19.99,2.63
12/12/2010,7:00,N,4.2,21,20,2.55
12/12/2010,8:00,N,4.75,20.84,20.84,2.51
12/12/2010,9:00,N,4.2,24.43,24.43,2.5
12/12/2010,10:00,N,4.45,21.77,21.77,2.48
12/12/2010,11:00,N,3,17.02,17.02,2.54
12/12/2010,12:00,N,4.6,10.75,10.75,2.59
12/12/2010,13:00,N,3,7.96,7.96,2.64
12/12/2010,14:00,N,4.75,6.33,6.33,2.69
12/12/2010,15:00,N,3.61,6.29,6.29,2.72
12/12/2010,16:00,N,3.56,7.53,7.53,2.74
12/12/2010,17:00,N,4.25,9.58,9.58,4.24
12/12/2010,18:00,N,4.06,18.12,18.09,5.21
12/12/2010,19:00,N,5.44,26.47,26.02,8.4
12/12/2010,20:00,N,6.75,19.87,19.87,8
12/12/2010,21:00,N,3,16.24,16.23,8
12/12/2010,22:00,N,4.3,13.15,13.15,5.11
12/12/2010,23:00,N,7.11,12,12,2.48
12/12/2010,24:00:00,N,5.55,12.48,12.48,2.47
12/13/2010,1:00,N,5,7.97,7.97,2.71
12/13/2010,2:00,N,4.75,4.75,4.75,2.75
12/13/2010,3:00,N,3,5,5,2.71
12/13/2010,4:00,N,3,6.75,6.75,2.71
12/13/2010,5:00,N,3,10.75,10.75,2.63
12/13/2010,6:00,N,5.75,15.55,15.55,2.46
12/13/2010,7:00,N,3,36,35,1.98
12/13/2010,8:00,N,4.5,28.66,28.66,1.95
12/13/2010,9:00,N,4,18.36,18.36,2.24
12/13/2010,10:00,N,4.26,13.93,13.93,2.35
12/13/2010,11:00,N,3,10,10,2.52
12/13/2010,12:00,N,3,10.75,10.75,2.64
12/13/2010,13:00,N,3,9.47,10,2.76
12/13/2010,14:00,N,4.5,5.35,5.95,2.82
12/13/2010,15:00,N,3,5.59,6.15,2.83
12/13/2010,16:00,N,3,7.5,7.5,2.84
12/13/2010,17:00,N,4,9.56,9.56,2.79
12/13/2010,18:00,N,4.42,20.77,20.77,5.21
12/13/2010,19:00,N,5.75,32.72,32.72,11.02
12/13/2010,20:00,N,7,18.94,18.94,5.21
12/13/2010,21:00,N,3,15,15,5.11
12/13/2010,22:00,N,3.47,11.39,11.39,3.34
12/13/2010,23:00,N,5.44,9.83,9.83,2.58
12/13/2010,24:00:00,N,4.45,9.37,9.37,2.57
12/14/2010,1:00,N,6,9.95,9.95,2.64
12/14/2010,2:00,N,6.62,8,8,2.74
12/14/2010,3:00,N,4.92,5.88,5.88,2.75
12/14/2010,4:00,N,4.66,5.43,5.43,2.75
12/14/2010,5:00,N,3.52,6.84,6.84,2.7
12/14/2010,6:00,N,6.02,13.98,13.98,2.58
12/14/2010,7:00,N,4.5,33.53,33.17,2.16
12/14/2010,8:00,N,5.82,30.22,30.22,2.12
12/14/2010,9:00,N,4.5,18.9,18.9,2.27
12/14/2010,10:00,N,5.91,13.75,13.75,2.43
12/14/2010,11:00,N,5.75,11.38,11.38,2.79
12/14/2010,12:00,N,4.53,8.1,9,3.9
12/14/2010,13:00,N,4.5,7,7,3.9
12/14/2010,14:00,N,5,5,5.84,3.84
12/14/2010,15:00,N,4.48,5.7,5.7,3.59
12/14/2010,16:00,N,4.4,7.48,7.48,3.54
12/14/2010,17:00,N,5.31,9.53,9.53,4.05
12/14/2010,18:00,N,7.65,20.93,20.93,5
12/14/2010,19:00,N,9,31.04,31.04,5.21
12/14/2010,20:00,N,9,23.52,23.52,5
12/14/2010,21:00,N,4.45,17.27,17.27,4.51
12/14/2010,22:00,N,5.58,10.75,10.75,3.35
12/14/2010,23:00,N,7.75,14.94,14.94,2.83
12/14/2010,24:00:00,N,13.11,11.95,13,2.76
12/15/2010,1:00,N,10.4,8.48,8.48,2.81
12/15/2010,2:00,N,10.13,6,6,2.83
12/15/2010,3:00,N,7,5,5,2.79
12/15/2010,4:00,N,7,5,5,2.78
12/15/2010,5:00,N,7,5.24,5.24,2.68
12/15/2010,6:00,N,9.22,12.7,12.7,2.65
12/15/2010,7:00,N,4,23.89,22.89,2.5
12/15/2010,8:00,N,5.39,19.92,19.92,2.4
12/15/2010,9:00,N,5,11.2,11.2,2.47
12/15/2010,10:00,N,5.25,8.98,9.68,2.37
12/15/2010,11:00,N,4.5,7.39,7.54,3.9
12/15/2010,12:00,N,4.53,5.34,5.69,3.69
12/15/2010,13:00,N,4.5,5.36,5.36,3.36
12/15/2010,14:00,N,5,4.81,5.05,3.05
12/15/2010,15:00,N,4.44,5.02,5.05,3.05
12/15/2010,16:00,N,4.53,7,7,3.88
12/15/2010,17:00,N,4.5,7.26,7.26,4.05
12/15/2010,18:00,N,4.51,17.36,17.36,4.1
12/15/2010,19:00,N,7.08,30,30,5.21
12/15/2010,20:00,N,7.11,17.88,17.88,4.4
12/15/2010,21:00,N,5.14,8.33,8.33,4.2
12/15/2010,22:00,N,7.11,7.63,7.63,3.15
12/15/2010,23:00,N,9.9,10,10,2.74
12/15/2010,24:00:00,N,10,7.57,7.57,2.77
12/16/2010,1:00,N,8.89,6,6,2.7
12/16/2010,2:00,N,9.23,6,6,2.71
12/16/2010,3:00,N,6,5,5,2.69
12/16/2010,4:00,N,6,5,5,2.68
12/16/2010,5:00,N,7,5,5,2.61
12/16/2010,6:00,N,7.11,11,10,2.43
12/16/2010,7:00,N,2.5,20.93,12.94,2.28
12/16/2010,8:00,N,4,12.25,11.25,2.22
12/16/2010,9:00,N,3,8.51,7.51,2.38
12/16/2010,10:00,N,3,7.17,7.17,2.33
12/16/2010,11:00,N,3,5.59,5.59,3.75
12/16/2010,12:00,N,4.5,5.25,5.25,3.95
12/16/2010,13:00,N,3,5.25,5.25,3.95
12/16/2010,14:00,N,3.56,4.7,5,3.95
12/16/2010,15:00,N,2.5,5.25,5.25,3.33
12/16/2010,16:00,N,3,5.25,5.25,3.25
12/16/2010,17:00,N,3.53,5.95,5.25,3.25
12/16/2010,18:00,N,3,21.61,17.13,5.11
12/16/2010,19:00,N,4,31.83,24.25,5.21
12/16/2010,20:00,N,4,20.23,16.79,5.21
12/16/2010,21:00,N,2.5,10.17,7.07,5.11
12/16/2010,22:00,N,3,5.58,5.58,3
12/16/2010,23:00,N,5.15,6.94,5.94,2.5
12/16/2010,24:00:00,N,5.39,6.28,6.28,2.57
12/17/2010,1:00,N,5.96,5,5,2.6
12/17/2010,2:00,N,5.02,4.61,4.61,2.61
12/17/2010,3:00,N,4.53,4.6,4.6,2.6
12/17/2010,4:00,N,4.73,4.61,4.61,2.58
12/17/2010,5:00,N,3,4.97,4.97,2.52
12/17/2010,6:00,N,5.73,8.2,7.26,2.4
12/17/2010,7:00,N,2.62,35,24.19,2
12/17/2010,8:00,N,4,28.9,24.55,1.92
12/17/2010,9:00,N,3,18.67,17.19,2.18
12/17/2010,10:00,N,3,10.38,10,2.29
12/17/2010,11:00,N,2.66,6.3,6.3,3.75
12/17/2010,12:00,N,3,5.75,5.75,3.75
12/17/2010,13:00,N,2.53,5.75,5.75,3.75
12/17/2010,14:00,N,4.07,4.67,4.94,2.94
12/17/2010,15:00,N,3,5.58,5.58,3.09
12/17/2010,16:00,N,3,5.61,5.61,2.97
12/17/2010,17:00,N,3,7,6,3.9
12/17/2010,18:00,N,4,20.77,17.76,8.69
12/17/2010,19:00,N,4.52,29.08,26.52,11.02
12/17/2010,20:00,N,5.96,13.56,12.94,6.07
12/17/2010,21:00,N,2.5,8.37,8.37,5.11
12/17/2010,22:00,N,3,6.02,6.02,3
12/17/2010,23:00,N,6.25,9.65,8.65,2.49
12/17/2010,24:00:00,N,4.68,8.43,8.42,2.35
12/18/2010,1:00,N,5,4.78,4.78,2.53
12/18/2010,2:00,N,4.99,4.5,4.5,2.56
12/18/2010,3:00,N,3.5,4.49,4.49,2.49
12/18/2010,4:00,N,3.5,4.48,4.48,2.48
12/18/2010,5:00,N,3,4.5,4.5,2.47
12/18/2010,6:00,N,5.88,6.25,5.75,2.39
12/18/2010,7:00,N,3,21.71,12.7,2.34
12/18/2010,8:00,N,4.75,20.98,18.69,2.5
12/18/2010,9:00,N,4,24.9,20.9,2.5
12/18/2010,10:00,N,4.85,17.52,14.23,2.12
12/18/2010,11:00,N,3.12,10.08,10.08,5.11
12/18/2010,12:00,N,3.49,7,7,5
12/18/2010,13:00,N,3,5.75,5.75,3.75
12/18/2010,14:00,N,4.75,4.49,4.49,3.75
12/18/2010,15:00,N,3.29,4.49,4.49,3.75
12/18/2010,16:00,N,3.1,4.49,4.49,3.75
12/18/2010,17:00,N,4.25,5.75,5.75,3.9
12/18/2010,18:00,N,4,12.09,11.09,6.74
12/18/2010,19:00,N,7.11,24.46,20.2,12.01
12/18/2010,20:00,N,7,17.42,16.65,6.22
12/18/2010,21:00,N,3,8.02,8.02,5.47
12/18/2010,22:00,N,3.75,5.75,5.75,5.21
12/18/2010,23:00,N,7.11,10.74,8.78,3.07
12/18/2010,24:00:00,N,4.37,6.94,6.93,3
12/19/2010,1:00,N,5,5,5,2.54
12/19/2010,2:00,N,4.99,4.49,4.49,2.64
12/19/2010,3:00,N,4.88,4.49,4.49,2.65
12/19/2010,4:00,N,4.44,4.49,4.49,2.63
12/19/2010,5:00,N,3.6,4.63,4.63,2.63
12/19/2010,6:00,N,8.63,6.11,5.75,3.16
12/19/2010,7:00,N,4,12.44,7.61,2.5
12/19/2010,8:00,N,4.99,10.11,10.11,3.9
12/19/2010,9:00,N,4,10.11,10.11,3.9
12/19/2010,10:00,N,4.46,6.11,5.75,2.32
12/19/2010,11:00,N,3,6.11,6.11,5.11
12/19/2010,12:00,N,3.87,5.75,5.75,3.95
12/19/2010,13:00,N,3.23,5,5,3.95
12/19/2010,14:00,N,4.75,4.3,4.49,3.95
12/19/2010,15:00,N,3.46,4.61,4.61,3.95
12/19/2010,16:00,N,4.11,4.49,4.49,3.95
12/19/2010,17:00,N,4.29,5.49,5.49,4.1
12/19/2010,18:00,N,4,12.22,9.11,8.11
12/19/2010,19:00,N,6.11,21,16.43,13.61
12/19/2010,20:00,N,6.58,12.11,9.79,8.11
12/19/2010,21:00,N,3,9.11,9.11,8.11
12/19/2010,22:00,N,4.31,6.33,6.33,5.33
12/19/2010,23:00,N,10,10,9,3.07
12/19/2010,24:00:00,N,5.59,6.11,5.11,3
12/20/2010,1:00,N,7.68,5,5,2.75
12/20/2010,2:00,N,7.22,5,5,2.76
12/20/2010,3:00,N,6.49,5,5,2.76
12/20/2010,4:00,N,6.49,5,5,2.76
12/20/2010,5:00,N,5.94,5,5,2.71
12/20/2010,6:00,N,8.49,11.41,8.48,2.42
12/20/2010,7:00,N,3,22.97,13.7,3.9
12/20/2010,8:00,N,6.03,19.21,18.21,3.9
12/20/2010,9:00,N,3.47,14.09,13.09,2.5
12/20/2010,10:00,N,4.89,9.54,9.54,2.53
12/20/2010,11:00,N,3,6.23,6.23,5
12/20/2010,12:00,N,3.97,5.75,5.75,4.51
12/20/2010,13:00,N,4.5,5,5,3.75
12/20/2010,14:00,N,5,4.49,5,3.75
12/20/2010,15:00,N,3.95,5,5,3.95
12/20/2010,16:00,N,3.91,5.75,5.75,3.95
12/20/2010,17:00,N,3.57,6.24,6.1,4.1
12/20/2010,18:00,N,4.5,17.24,13.16,6.88
12/20/2010,19:00,N,7.65,31.78,26.48,12.35
12/20/2010,20:00,N,7.37,14.19,13.19,6.24
12/20/2010,21:00,N,3,9.43,9.43,5.67
12/20/2010,22:00,N,4.5,7.31,7.31,5.31
12/20/2010,23:00,N,10,11,10,3
12/20/2010,24:00:00,N,7.11,10,10,2.68
12/21/2010,1:00,N,10,7,7,2.93
12/21/2010,2:00,N,8.92,5,5,2.88
12/21/2010,3:00,N,7,5.37,5.37,2.86
12/21/2010,4:00,N,7,5,5,2.84
12/21/2010,5:00,N,6,5,5,2.84
12/21/2010,6:00,N,10,9.61,8,2.77
12/21/2010,7:00,N,4,16.22,12.72,2.65
12/21/2010,8:00,N,6,13.07,13.07,2.68
12/21/2010,9:00,N,4,11.41,11.41,2.53
12/21/2010,10:00,N,4.98,8,8,2.51
12/21/2010,11:00,N,3,5.59,6.64,4.64
12/21/2010,12:00,N,4,5.45,7.26,5.11
12/21/2010,13:00,N,3,6.3,6.3,5.11
12/21/2010,14:00,N,4.71,4.88,6,5.11
12/21/2010,15:00,N,3,5.58,6.14,5.11
12/21/2010,16:00,N,3,7.48,7.48,5.11
12/21/2010,17:00,N,3.98,8.47,7.6,5.11
12/21/2010,18:00,N,4.5,18.49,17.01,5.31
12/21/2010,19:00,N,8.47,34.19,25.47,11.22
12/21/2010,20:00,N,7.37,15.3,14.3,5.23
12/21/2010,21:00,N,3,6.69,6.69,5.11
12/21/2010,22:00,N,4.2,5.4,5.4,4.18
12/21/2010,23:00,N,7.11,7.03,6.03,2.87
12/21/2010,24:00:00,N,5.47,7.61,7.61,2.8
12/22/2010,1:00,N,7.56,8.61,7.98,2.89
12/22/2010,2:00,N,7.14,7,7,2.87
12/22/2010,3:00,N,6,7,7,2.88
12/22/2010,4:00,N,7.11,7,7,2.88
12/22/2010,5:00,N,6,7,7,2.85
12/22/2010,6:00,N,9.47,6.8,5.8,2.74
12/22/2010,7:00,N,3,14.61,10,2.47
12/22/2010,8:00,N,4,12.24,10,2.53
12/22/2010,9:00,N,3,10.23,9.23,2.57
12/22/2010,10:00,N,3.12,7.44,7.44,2.62
12/22/2010,11:00,N,3,5.59,5.59,3.98
12/22/2010,12:00,N,3,5.34,5.37,4.16
12/22/2010,13:00,N,3,6,6,4
12/22/2010,14:00,N,4.5,4.7,5.41,3.81
12/22/2010,15:00,N,2.54,5.58,5.58,3.8
12/22/2010,16:00,N,3,6,5.85,3.85
12/22/2010,17:00,N,3.94,6.99,5.99,3.99
12/22/2010,18:00,N,4.34,20.67,14.28,5.11
12/22/2010,19:00,N,7.11,36.07,24.6,11.02
12/22/2010,20:00,N,6.97,13.42,8.94,5.31
12/22/2010,21:00,N,3,5.14,5.14,5.11
12/22/2010,22:00,N,3,4.76,4.76,3.8
12/22/2010,23:00,N,7.11,8.66,7.66,3.03
12/22/2010,24:00:00,N,5.47,8,8,2.71
12/23/2010,1:00,N,7.55,5,5,2.72
12/23/2010,2:00,N,8,5,5,2.73
12/23/2010,3:00,N,5.47,5,5,2.73
12/23/2010,4:00,N,6,4.77,4.77,2.77
12/23/2010,5:00,N,4.96,4.69,4.69,2.69
12/23/2010,6:00,N,9.47,10.66,9,2.52
12/23/2010,7:00,N,3,15.77,10,2.29
12/23/2010,8:00,N,4.1,12,10,2.21
12/23/2010,9:00,N,3,10,9,2.36
12/23/2010,10:00,N,4,8,8,2.41
12/23/2010,11:00,N,3,6,6,4.93
12/23/2010,12:00,N,3,5.34,5.37,4.92
12/23/2010,13:00,N,2.51,6,6,4.43
12/23/2010,14:00,N,3.78,4.7,4.7,3.8
12/23/2010,15:00,N,2.6,5.58,5.58,3.78
12/23/2010,16:00,N,3,5.83,5.83,3.83
12/23/2010,17:00,N,3,7.5,6.5,4.5
12/23/2010,18:00,N,4.5,18.03,13.01,5.31
12/23/2010,19:00,N,7.11,35,23.98,11.43
12/23/2010,20:00,N,7.11,11.52,7.48,5.23
12/23/2010,21:00,N,3,6.69,6.69,4.73
12/23/2010,22:00,N,4,5.99,5.99,4.18
12/23/2010,23:00,N,7.47,7,6,3.03
12/23/2010,24:00:00,N,5.47,8,8,3.01
12/24/2010,1:00,N,7.99,9.92,8.92,2.83
12/24/2010,2:00,N,8,9,8,2.83
12/24/2010,3:00,N,6,9,8,2.83
12/24/2010,4:00,N,7.11,8.69,7.91,2.83
12/24/2010,5:00,N,6.05,6.77,6.77,2.83
12/24/2010,6:00,N,9.76,9,8,2.78
12/24/2010,7:00,N,4,10.47,8,2.58
12/24/2010,8:00,N,6.47,9.37,8.37,2.53
12/24/2010,9:00,N,4.2,10,8.72,2.53
12/24/2010,10:00,N,5.33,9.27,9.27,2.5
12/24/2010,11:00,N,4.67,6.25,6.25,4.25
12/24/2010,12:00,N,5.47,6,6,4.23
12/24/2010,13:00,N,4.07,5.65,5.65,3.77
12/24/2010,14:00,N,5.47,4.47,4.47,3.44
12/24/2010,15:00,N,3.37,5.02,5.02,3.81
12/24/2010,16:00,N,3.82,5.87,5.87,3.87
12/24/2010,17:00,N,5,6,5.95,3.95
12/24/2010,18:00,N,5.86,12.42,8.24,5
12/24/2010,19:00,N,11.47,26.85,21.71,11.31
12/24/2010,20:00,N,7.82,9.81,8.94,5
12/24/2010,21:00,N,4.45,5.14,4.57,4.57
12/24/2010,22:00,N,5.1,4.76,6.47,3.93
12/24/2010,23:00,N,7.11,10.34,8,3.28
12/24/2010,24:00:00,N,4.15,8,8.56,3.28
12/25/2010,1:00,N,8,10,10,3
12/25/2010,2:00,N,8,9.09,8.09,2.77
12/25/2010,3:00,N,4.96,9.82,8.82,2.76
12/25/2010,4:00,N,4.96,8.33,8,2.72
12/25/2010,5:00,N,4.96,7.75,7.75,2.67
12/25/2010,6:00,N,11.65,15,14,2.62
12/25/2010,7:00,N,3,17.78,13,2.72
12/25/2010,8:00,N,6.47,14.08,13.08,2.62
12/25/2010,9:00,N,4,13.15,12.15,2.26
12/25/2010,10:00,N,5.81,12.24,12.24,2.5
12/25/2010,11:00,N,4,8.68,8.68,4.68
12/25/2010,12:00,N,5.47,6.25,6.25,4.03
12/25/2010,13:00,N,5.45,6,6,4
12/25/2010,14:00,N,7.11,4.47,4.5,3.82
12/25/2010,15:00,N,6,5,5,3.81
12/25/2010,16:00,N,6,5.47,5,3.85
12/25/2010,17:00,N,7.83,7,6,4
12/25/2010,18:00,N,4.5,10.1,9.1,4.42
12/25/2010,19:00,N,7.11,24.7,23.7,11.48
12/25/2010,20:00,N,6.97,13.42,13.42,5.31
12/25/2010,21:00,N,3,8.37,8.37,5.27
12/25/2010,22:00,N,4.3,6.83,6.83,4.43
12/25/2010,23:00,N,7.11,8.48,7.48,3
12/25/2010,24:00:00,N,4.5,6.3,6.3,2.47
12/26/2010,1:00,N,5,7,6,3
12/26/2010,2:00,N,4.02,4.61,4.61,2.64
12/26/2010,3:00,N,3,5,4.64,2.64
12/26/2010,4:00,N,3,5.25,5.25,2.64
12/26/2010,5:00,N,2.5,4,4,2.61
12/26/2010,6:00,N,5,8.2,4,2.56
12/26/2010,7:00,N,3,16.87,7.3,2.37
12/26/2010,8:00,N,3,20.24,15.83,2.25
12/26/2010,9:00,N,3,19.12,17.87,2.75
12/26/2010,10:00,N,3,11.41,12.4,2.75
12/26/2010,11:00,N,2.5,5.59,5.59,4.68
12/26/2010,12:00,N,3,5.34,5.36,4.23
12/26/2010,13:00,N,3,4.47,4.47,3.82
12/26/2010,14:00,N,4.38,4,4,3.86
12/26/2010,15:00,N,2.88,4,4,3.86
12/26/2010,16:00,N,3.3,4.42,4.42,3.89
12/26/2010,17:00,N,3,5.17,4.58,3.87
12/26/2010,18:00,N,4,12.29,7.74,5.31
12/26/2010,19:00,N,4.57,26.83,19.65,11.48
12/26/2010,20:00,N,4,17.28,13.24,8.11
12/26/2010,21:00,N,2.5,11.32,11.32,7.82
12/26/2010,22:00,N,3,4.48,4.48,4.48
12/26/2010,23:00,N,4.5,8.67,4,3.28
12/26/2010,24:00:00,N,3,4,4,3.28
12/27/2010,1:00,N,3.45,10,9,2.7
12/27/2010,2:00,N,3,6.23,6.11,2.7
12/27/2010,3:00,N,2.5,5.25,4.92,2.68
12/27/2010,4:00,N,2.5,4.65,4.65,2.65
12/27/2010,5:00,N,2.5,6.23,6.23,2.53
12/27/2010,6:00,N,5.52,12.71,8.48,2.34
12/27/2010,7:00,N,3,28.93,19.39,1.92
12/27/2010,8:00,N,3.45,30,24.78,2.02
12/27/2010,9:00,N,3,16.77,14.24,2.28
12/27/2010,10:00,N,3,10.1,10.1,2.41
12/27/2010,11:00,N,2.5,5.59,5.59,3.69
12/27/2010,12:00,N,3,5.34,5.34,3.76
12/27/2010,13:00,N,2.93,6,6,4
12/27/2010,14:00,N,3.92,4,4,3.87
12/27/2010,15:00,N,2.5,4,4,3
12/27/2010,16:00,N,2.96,4.63,4.5,2.76
12/27/2010,17:00,N,3,6.33,5.33,3.33
12/27/2010,18:00,N,3,15.36,11.34,4.68
12/27/2010,19:00,N,4,32.09,23.78,5.41
12/27/2010,20:00,N,4,16.32,15.32,4.53
12/27/2010,21:00,N,2.5,12.79,11.79,4.53
12/27/2010,22:00,N,3,5.69,5.69,3.69
12/27/2010,23:00,N,4.5,10.4,8.4,2.62
12/27/2010,24:00:00,N,3.12,7.77,7.77,2.63
12/28/2010,1:00,N,5.53,4.61,4.61,2.61
12/28/2010,2:00,N,4.92,4.61,4.61,2.64
12/28/2010,3:00,N,4,4.61,4.61,2.62
12/28/2010,4:00,N,4.29,4.61,4.61,2.61
12/28/2010,5:00,N,3,5,5,2.57
12/28/2010,6:00,N,5.75,8.06,7,2.39
12/28/2010,7:00,N,3.09,19.02,12,1.96
12/28/2010,8:00,N,5.32,15,15,1.92
12/28/2010,9:00,N,3.08,8.61,8.61,3.05
12/28/2010,10:00,N,4,6.24,6.24,2.75
12/28/2010,11:00,N,3,4,4,4
12/28/2010,12:00,N,3.51,4,4,3.98
12/28/2010,13:00,N,3,4,4,3
12/28/2010,14:00,N,4.61,3.6,3.97,3
12/28/2010,15:00,N,3.46,4,4,3.91
12/28/2010,16:00,N,3.71,4,4,3.94
12/28/2010,17:00,N,3.78,5.03,4.5,3.91
12/28/2010,18:00,N,4.5,14.18,9.16,5.41
12/28/2010,19:00,N,7.11,30.54,20.03,11.22
12/28/2010,20:00,N,7.11,13.85,11.46,5.11
12/28/2010,21:00,N,3,5.87,5.87,5.11
12/28/2010,22:00,N,4.3,4.08,4.08,4.08
12/28/2010,23:00,N,6.47,8,7.41,3.23
12/28/2010,24:00:00,N,5.32,7.16,7.24,3
12/29/2010,1:00,N,6.2,4,4,2
12/29/2010,2:00,N,5.96,3.35,3.35,1.75
12/29/2010,3:00,N,2,3.35,3.35,1.63
12/29/2010,4:00,N,2,3.35,3.35,1.63
12/29/2010,5:00,N,2,7,7,1.55
12/29/2010,6:00,N,6.95,15,13.5,1.38
12/29/2010,7:00,N,3.65,10.97,7,1.46
12/29/2010,8:00,N,6,10,10,1.25
12/29/2010,9:00,N,4,13.5,13.5,1.89
12/29/2010,10:00,N,2,8.5,8.5,1.45
12/29/2010,11:00,N,2.08,5,5,2.48
12/29/2010,12:00,N,2.43,5,5,2.51
12/29/2010,13:00,N,2,4.99,4.99,2.55
12/29/2010,14:00,N,2.5,3.63,4.37,2.53
12/29/2010,15:00,N,2,4.56,4.58,2.58
12/29/2010,16:00,N,2,4.61,4.61,2.61
12/29/2010,17:00,N,2,4.63,4.56,2.56
12/29/2010,18:00,N,4.5,8.88,8.88,2.41
12/29/2010,19:00,N,8.47,20,19,2.2
12/29/2010,20:00,N,7.11,9.55,9.55,2.43
12/29/2010,21:00,N,3.41,7.16,7.16,2.54
12/29/2010,22:00,N,3,5.04,5.67,2.51
12/29/2010,23:00,N,6.51,10,10,1.76
12/29/2010,24:00:00,N,3.37,9.78,9.78,1.54
12/30/2010,1:00,N,6,3.15,3.15,2
12/30/2010,2:00,N,5.94,3,3,2
12/30/2010,3:00,N,2,3.15,3,2
12/30/2010,4:00,N,2,3.06,3,2
12/30/2010,5:00,N,2,5.5,5.5,1.95
12/30/2010,6:00,N,9.94,15,14,2
12/30/2010,7:00,N,7.11,10.72,7,1.46
12/30/2010,8:00,N,8.6,10,10,1.23
12/30/2010,9:00,N,6.94,13.5,13.5,1.89
12/30/2010,10:00,N,2,8.5,8.5,1.46
12/30/2010,11:00,N,2,5,5,2.63
12/30/2010,12:00,N,2,4.7,5,2.64
12/30/2010,13:00,N,2,5,5,2.65
12/30/2010,14:00,N,3,3.94,4.68,2.68
12/30/2010,15:00,N,2,4.62,4.68,2.68
12/30/2010,16:00,N,2,4.5,4.5,2.5
12/30/2010,17:00,N,2,4.61,4.61,2.61
12/30/2010,18:00,N,4.5,12,10,2.63
12/30/2010,19:00,N,7.5,32.24,22.4,2.42
12/30/2010,20:00,N,7,10,10,2.52
12/30/2010,21:00,N,3,8.5,8.5,2.62
12/30/2010,22:00,N,2.5,5.84,6.47,2.52
12/30/2010,23:00,N,5.44,8.97,8.97,2
12/30/2010,24:00:00,N,3.24,8.97,8.97,1.98
12/31/2010,1:00,N,7.11,3,3,2
12/31/2010,2:00,N,6,3,3,2
12/31/2010,3:00,N,2,3,3,2
12/31/2010,4:00,N,2,3,3,2
12/31/2010,5:00,N,2,6.91,6.33,2
12/31/2010,6:00,N,13.11,14.5,13.5,2
12/31/2010,7:00,N,11.23,21.21,11.86,2
12/31/2010,8:00,N,14.5,10,10,2
12/31/2010,9:00,N,6.27,13.53,13.53,1.4
12/31/2010,10:00,N,2,8.5,8.5,2
12/31/2010,11:00,N,2.5,5,5,2.35
12/31/2010,12:00,N,2,5,5,2.4
12/31/2010,13:00,N,2,5,5,2.42
12/31/2010,14:00,N,3,5,5,2.46
12/31/2010,15:00,N,2,4.6,4.6,2.49
12/31/2010,16:00,N,2,4.86,4.86,2.48
12/31/2010,17:00,N,2,5,5,2.46
12/31/2010,18:00,N,5.17,10,10,2.42
12/31/2010,19:00,N,13.1,33.04,21.34,2.35
12/31/2010,20:00,N,7.58,10.13,10.12,2.31
12/31/2010,21:00,N,3.81,8.5,8.5,2.36
12/31/2010,22:00,N,2.5,4.59,4.99,2.32
12/31/2010,23:00,N,3.76,7.44,7.44,2.3
12/31/2010,24:00:00,N,2.5,7.29,8.5,2.21
